count,from,to,timeframe,start,end
1,kantahkaboki,ditjentataruang,1,2023-04-04 22:33:50,2023-06-02 09:47:02
2,randingsaldi,mcaops,2,2023-04-04 23:01:42,2023-06-02 09:47:02
3,kumparan,jokowi,3,2023-04-05 01:00:49,2023-06-02 09:47:02
4,waduhaku,asumsico,4,2023-04-05 03:43:27,2023-06-02 09:47:02
5,bolamatajkt,asumsico,5,2023-04-05 03:46:17,2023-06-02 09:47:02
6,dani91setiawan,asumsico,6,2023-04-05 03:48:14,2023-06-02 09:47:02
7,bakwanteles,asumsico,7,2023-04-05 03:51:02,2023-06-02 09:47:02
8,botakcastello2,asumsico,8,2023-04-05 03:51:10,2023-06-02 09:47:02
9,___manofculture,asumsico,9,2023-04-05 03:54:02,2023-06-02 09:47:02
10,danandaaanda,asumsico,10,2023-04-05 03:57:02,2023-06-02 09:47:02
11,hopesxx_,asumsico,11,2023-04-05 04:25:16,2023-06-02 09:47:02
12,syihabfarhani,asumsico,12,2023-04-05 04:44:59,2023-06-02 09:47:02
13,mesincuciuang,asumsico,13,2023-04-05 05:01:01,2023-06-02 09:47:02
14,altabaraspati,asumsico,14,2023-04-05 05:09:20,2023-06-02 09:47:02
15,kakgupron,asumsico,15,2023-04-05 05:16:08,2023-06-02 09:47:02
16,bearsarung,asumsico,16,2023-04-05 05:32:38,2023-06-02 09:47:02
17,suarlanman,asumsico,17,2023-04-05 05:35:35,2023-06-02 09:47:02
18,svytd,asumsico,18,2023-04-05 05:36:28,2023-06-02 09:47:02
19,toolzark,asumsico,19,2023-04-05 05:50:51,2023-06-02 09:47:02
20,ameshicaro,asumsico,20,2023-04-05 05:53:17,2023-06-02 09:47:02
21,sipalingyadhi,asumsico,21,2023-04-05 06:06:35,2023-06-02 09:47:02
22,riopribadie,asumsico,22,2023-04-05 06:37:22,2023-06-02 09:47:02
23,rahel_setiawan,asumsico,23,2023-04-05 06:49:08,2023-06-02 09:47:02
24,mantariameh2,mukidi_alngibul,24,2023-04-05 06:52:38,2023-06-02 09:47:02
25,heizellee,asumsico,25,2023-04-05 07:05:46,2023-06-02 09:47:02
26,catasthrovia,asumsico,26,2023-04-05 07:10:44,2023-06-02 09:47:02
27,racilaziz,asumsico,27,2023-04-05 07:18:23,2023-06-02 09:47:02
28,keepiin,asumsico,28,2023-04-05 07:19:58,2023-06-02 09:47:02
29,omzyus,asumsico,29,2023-04-05 07:30:11,2023-06-02 09:47:02
30,bayu_maz,asumsico,30,2023-04-05 07:37:17,2023-06-02 09:47:02
31,monkey___mind,asumsico,31,2023-04-05 08:09:31,2023-06-02 09:47:02
32,fskprly,asumsico,32,2023-04-05 08:27:25,2023-06-02 09:47:02
33,youngest_knight,asumsico,33,2023-04-05 08:28:59,2023-06-02 09:47:02
34,mpok_hanum,asumsico,34,2023-04-05 08:36:37,2023-06-02 09:47:02
35,buukmarks,asumsico,35,2023-04-05 08:43:59,2023-06-02 09:47:02
36,bluelinedot,asumsico,36,2023-04-05 08:54:22,2023-06-02 09:47:02
37,rfanuzi,asumsico,37,2023-04-05 08:57:42,2023-06-02 09:47:02
38,pctongkosong,asumsico,38,2023-04-05 09:08:54,2023-06-02 09:47:02
39,buzz_ij,asumsico,39,2023-04-05 09:23:03,2023-06-02 09:47:02
40,hylzira,asumsico,40,2023-04-05 09:51:49,2023-06-02 09:47:02
41,silvi_indriyani,asumsico,41,2023-04-05 10:03:57,2023-06-02 09:47:02
42,elzabarra21,asumsico,42,2023-04-05 10:08:04,2023-06-02 09:47:02
43,eggyama,asumsico,43,2023-04-05 10:47:36,2023-06-02 09:47:02
44,alyaratnadewi,asumsico,44,2023-04-05 11:07:25,2023-06-02 09:47:02
45,santisartikaa,asumsico,45,2023-04-05 11:34:37,2023-06-02 09:47:02
46,mmasukin,asumsico,46,2023-04-05 11:38:27,2023-06-02 09:47:02
47,tamimfauzi,asumsico,47,2023-04-05 12:17:36,2023-06-02 09:47:02
48,ngadi_min,poljokesid,48,2023-04-05 12:36:25,2023-06-02 09:47:02
49,noahtarwin,asumsico,49,2023-04-05 13:21:13,2023-06-02 09:47:02
50,dedynad_id,asumsico,50,2023-04-05 14:13:12,2023-06-02 09:47:02
51,longjourney33,asumsico,51,2023-04-05 14:34:44,2023-06-02 09:47:02
52,neologi62,asumsico,52,2023-04-05 15:16:16,2023-06-02 09:47:02
53,nntweetnn,kumparan,53,2023-04-05 15:38:41,2023-06-02 09:47:02
54,oldfashionedly,blackcotanya,54,2023-04-05 16:16:02,2023-06-02 09:47:02
55,yuzzah,asumsico,55,2023-04-05 16:19:01,2023-06-02 09:47:02
56,diarta73,asumsico,56,2023-04-05 17:06:19,2023-06-02 09:47:02
57,gawink159160,blackcotanya,57,2023-04-05 17:06:50,2023-06-02 09:47:02
58,covidberlalu,ikn_id,58,2023-04-05 17:35:57,2023-06-02 09:47:02
59,covidberlalu,erzavindaf,58,2023-04-05 17:35:57,2023-06-02 09:47:02
60,covidberlalu,igomagaz,58,2023-04-05 17:35:57,2023-06-02 09:47:02
61,covidberlalu,hansunriko,58,2023-04-05 17:35:57,2023-06-02 09:47:02
62,kelestarianalam,ikn_id,59,2023-04-05 17:37:02,2023-06-02 09:47:02
63,kelestarianalam,erzavindaf,59,2023-04-05 17:37:02,2023-06-02 09:47:02
64,kelestarianalam,igomagaz,59,2023-04-05 17:37:02,2023-06-02 09:47:02
65,kelestarianalam,hansunriko,59,2023-04-05 17:37:02,2023-06-02 09:47:02
66,muhammadrafi_48,asumsico,60,2023-04-05 17:49:59,2023-06-02 09:47:02
67,colpico,asumsico,61,2023-04-05 18:15:57,2023-06-02 09:47:02
68,negeriku_ina,blackcotanya,62,2023-04-05 18:31:21,2023-06-02 09:47:02
69,murphieku,blackcotanya,63,2023-04-05 18:58:42,2023-06-02 09:47:02
70,frprayogo,asumsico,64,2023-04-05 19:10:29,2023-06-02 09:47:02
71,triwahyuutama15,asumsico,65,2023-04-05 19:49:51,2023-06-02 09:47:02
72,syarifiirvan,asumsico,66,2023-04-05 20:04:26,2023-06-02 09:47:02
73,rii1naa,forjakeu,67,2023-04-05 21:34:07,2023-06-02 09:47:02
74,alshaibashihab,forjakeu,68,2023-04-05 21:38:04,2023-06-02 09:47:02
75,rf_48,asumsico,69,2023-04-05 21:52:13,2023-06-02 09:47:02
76,kawulamu,asumsico,70,2023-04-05 21:58:20,2023-06-02 09:47:02
77,akomeng6,bank_aconk,71,2023-04-05 22:02:12,2023-06-02 09:47:02
78,yohanes_arb,bank_aconk,72,2023-04-05 22:03:29,2023-06-02 09:47:02
79,alshaibashihab,bank_aconk,73,2023-04-05 22:03:46,2023-06-02 09:47:02
80,rasyamahardika7,forjakeu,74,2023-04-05 22:08:20,2023-06-02 09:47:02
81,rasyamahardika7,bank_aconk,75,2023-04-05 22:08:53,2023-06-02 09:47:02
82,akomeng6,forjakeu,76,2023-04-05 22:09:28,2023-06-02 09:47:02
83,yohanes_arb,forjakeu,77,2023-04-05 22:10:52,2023-06-02 09:47:02
84,celebes07,forjakeu,78,2023-04-05 22:31:49,2023-06-02 09:47:02
85,bedigasans,asumsico,79,2023-04-05 22:42:15,2023-06-02 09:47:02
86,anggita_lung,forjakeu,80,2023-04-05 22:42:28,2023-06-02 09:47:02
87,anggita_lung,bank_aconk,81,2023-04-05 22:43:11,2023-06-02 09:47:02
88,indones1akeren_,forjakeu,82,2023-04-05 22:55:50,2023-06-02 09:47:02
89,indones1akeren_,bank_aconk,83,2023-04-05 22:58:00,2023-06-02 09:47:02
90,rii1naa,bank_aconk,84,2023-04-05 22:58:02,2023-06-02 09:47:02
91,hutriady,asumsico,85,2023-04-05 23:14:10,2023-06-02 09:47:02
92,dfbrynd,asumsico,86,2023-04-05 23:15:25,2023-06-02 09:47:02
93,dinarkemala,witelmedan,87,2023-04-05 23:29:35,2023-06-02 09:47:02
94,bs_vito,triwul82,88,2023-04-05 23:47:25,2023-06-02 09:47:02
95,puspitakartikaa,asumsico,89,2023-04-05 23:52:27,2023-06-02 09:47:02
96,gagaknewww,triwul82,90,2023-04-05 23:52:44,2023-06-02 09:47:02
97,dcristnugroho,triwul82,91,2023-04-05 23:54:32,2023-06-02 09:47:02
98,siperihitam,asumsico,92,2023-04-05 23:54:33,2023-06-02 09:47:02
99,liaisti_1,triwul82,93,2023-04-05 23:54:35,2023-06-02 09:47:02
100,lintang_ayoe,triwul82,94,2023-04-05 23:56:17,2023-06-02 09:47:02
101,antoniuscdn,triwul82,95,2023-04-05 23:56:27,2023-06-02 09:47:02
102,kepaargawinata2,triwul82,96,2023-04-05 23:57:25,2023-06-02 09:47:02
103,budibongg,triwul82,97,2023-04-05 23:59:00,2023-06-02 09:47:02
104,rifqiazizian,triwul82,98,2023-04-06 00:00:09,2023-06-02 09:47:02
105,jilmannurhaman,triwul82,99,2023-04-06 00:02:47,2023-06-02 09:47:02
106,wantahgdn__,triwul82,100,2023-04-06 00:13:15,2023-06-02 09:47:02
107,ipoleksosbudmil,triwul82,101,2023-04-06 00:13:25,2023-06-02 09:47:02
108,bank_aconk,forjakeu,102,2023-04-06 00:16:39,2023-06-02 09:47:02
109,fish_goat6,asumsico,103,2023-04-06 00:18:46,2023-06-02 09:47:02
110,ranisor,bank_aconk,104,2023-04-06 00:21:49,2023-06-02 09:47:02
111,ranisor,forjakeu,105,2023-04-06 00:22:19,2023-06-02 09:47:02
112,aryprasetyo85,forjakeu,106,2023-04-06 00:23:57,2023-06-02 09:47:02
113,kalla_jengking,forjakeu,107,2023-04-06 00:27:18,2023-06-02 09:47:02
114,urrangawak,triwul82,108,2023-04-06 00:28:11,2023-06-02 09:47:02
115,kalla_jengking,bank_aconk,109,2023-04-06 00:28:51,2023-06-02 09:47:02
116,forjakeu,bank_aconk,110,2023-04-06 00:32:30,2023-06-02 09:47:02
117,roniiesanjaya,witelmedan,111,2023-04-06 00:34:27,2023-06-02 09:47:02
118,rasa2086,forjakeu,112,2023-04-06 00:35:12,2023-06-02 09:47:02
119,rasa2086,bank_aconk,113,2023-04-06 00:36:44,2023-06-02 09:47:02
120,limbuibui4,triwul82,114,2023-04-06 00:41:03,2023-06-02 09:47:02
121,4rdn4n,asumsico,115,2023-04-06 00:46:20,2023-06-02 09:47:02
122,dapp_adjie,asumsico,116,2023-04-06 00:50:49,2023-06-02 09:47:02
123,randygoh,asumsico,117,2023-04-06 00:53:56,2023-06-02 09:47:02
124,torrez_20_06,forjakeu,118,2023-04-06 01:02:14,2023-06-02 09:47:02
125,yulia_ns79,triwul82,119,2023-04-06 01:04:52,2023-06-02 09:47:02
126,torrez_20_06,bank_aconk,120,2023-04-06 01:04:53,2023-06-02 09:47:02
127,irakoestomo,bank_aconk,121,2023-04-06 01:05:48,2023-06-02 09:47:02
128,irakoestomo,forjakeu,122,2023-04-06 01:07:27,2023-06-02 09:47:02
129,nuansalika,witelmedan,123,2023-04-06 01:08:24,2023-06-02 09:47:02
130,xiaomei_99,triwul82,124,2023-04-06 01:09:06,2023-06-02 09:47:02
131,budipra87870630,kompascom,125,2023-04-06 01:22:44,2023-06-02 09:47:02
132,suryaborneo,kompascom,126,2023-04-06 01:23:07,2023-06-02 09:47:02
133,suratmansoer,kompascom,127,2023-04-06 01:23:17,2023-06-02 09:47:02
134,masgalsakti,asumsico,128,2023-04-06 01:25:21,2023-06-02 09:47:02
135,komatkamiit,bank_aconk,129,2023-04-06 01:25:28,2023-06-02 09:47:02
136,r_min80,triwul82,130,2023-04-06 01:26:39,2023-06-02 09:47:02
137,l0ve1ndonesia,triwul82,131,2023-04-06 01:31:58,2023-06-02 09:47:02
138,komatkamiit,forjakeu,132,2023-04-06 01:33:41,2023-06-02 09:47:02
139,djuru_achmad,witelmedan,133,2023-04-06 01:36:47,2023-06-02 09:47:02
140,otak_sesendok,bank_aconk,134,2023-04-06 01:41:00,2023-06-02 09:47:02
141,otak_sesendok,forjakeu,135,2023-04-06 01:41:52,2023-06-02 09:47:02
142,akunsudi,kompascom,136,2023-04-06 01:42:31,2023-06-02 09:47:02
143,bahamasjefry,triwul82,137,2023-04-06 01:53:29,2023-06-02 09:47:02
144,pengenblueberry,narasitv,138,2023-04-06 01:57:06,2023-06-02 09:47:02
145,__rismawidiono_,triwul82,139,2023-04-06 02:01:04,2023-06-02 09:47:02
146,borneonkri,kompascom,140,2023-04-06 02:08:47,2023-06-02 09:47:02
147,dararinoona,asumsico,141,2023-04-06 02:09:55,2023-06-02 09:47:02
148,syamsud76579252,kompascom,142,2023-04-06 02:22:48,2023-06-02 09:47:02
149,erithsjohanh,asumsico,143,2023-04-06 02:34:14,2023-06-02 09:47:02
150,ex_anaklolina,triwul82,144,2023-04-06 02:50:06,2023-06-02 09:47:02
151,_garu_da,forjakeu,145,2023-04-06 02:54:39,2023-06-02 09:47:02
152,_garu_da,bank_aconk,146,2023-04-06 02:56:39,2023-06-02 09:47:02
153,raniyuningsih13,witelmedan,147,2023-04-06 02:57:06,2023-06-02 09:47:02
154,jauryjss,triwul82,148,2023-04-06 02:58:39,2023-06-02 09:47:02
155,wesomeaim,asumsico,149,2023-04-06 03:02:07,2023-06-02 09:47:02
156,rinandarintha,asumsico,150,2023-04-06 03:21:00,2023-06-02 09:47:02
157,aahmaadi_,asumsico,151,2023-04-06 03:26:19,2023-06-02 09:47:02
158,cho2mlhc,narasitv,152,2023-04-06 05:21:34,2023-06-02 09:47:02
159,kotjo3,triwul82,153,2023-04-06 05:27:48,2023-06-02 09:47:02
160,jarrrrrrrrll,asumsico,154,2023-04-06 05:30:28,2023-06-02 09:47:02
161,seruanhl,triwul82,155,2023-04-06 06:10:40,2023-06-02 09:47:02
162,id_emas2045,forjakeu,156,2023-04-06 08:54:33,2023-06-02 09:47:02
163,tehangatdingin,nothingmanytalk,157,2023-04-06 10:17:31,2023-06-02 09:47:02
164,tehangatdingin,tanyakanrl,158,2023-04-06 10:18:46,2023-06-02 09:47:02
165,jaecypeach,tanyakanrl,159,2023-04-06 10:19:45,2023-06-02 09:47:02
166,atraa24,poljokesid,160,2023-04-06 10:27:15,2023-06-02 09:47:02
167,anisa__nisha___,witelmedan,161,2023-04-06 10:30:50,2023-06-02 09:47:02
168,meigivalentina,poljokesid,162,2023-04-06 11:05:13,2023-06-02 09:47:02
169,goodstatsid,goodstatsid,163,2023-04-06 11:17:17,2023-06-02 09:47:02
170,nuraishwa2022,witelmedan,164,2023-04-06 11:27:47,2023-06-02 09:47:02
171,moranggg_mm,witelmedan,165,2023-04-06 14:12:42,2023-06-02 09:47:02
172,ezhafahrizal,asumsico,166,2023-04-06 15:28:06,2023-06-02 09:47:02
173,rahmad__m,asumsico,167,2023-04-06 16:33:44,2023-06-02 09:47:02
174,pep____,asumsico,168,2023-04-06 18:37:59,2023-06-02 09:47:02
175,goodstatsid,goodstatsid,169,2023-04-06 19:49:34,2023-06-02 09:47:02
176,anggitpang,tanyakanrl,170,2023-04-06 20:22:18,2023-06-02 09:47:02
177,indahliliaz,meraaahputiiih,171,2023-04-06 21:49:31,2023-06-02 09:47:02
178,thoyiblupaplng,bank_aconk,172,2023-04-06 23:26:08,2023-06-02 09:47:02
179,antaranews,antaranews,173,2023-04-07 01:33:15,2023-06-02 09:47:02
180,antaranews,antaranews,174,2023-04-07 01:33:16,2023-06-02 09:47:02
181,yelinpiranti,asumsico,175,2023-04-07 02:49:21,2023-06-02 09:47:02
182,tialerita,witelmedan,176,2023-04-07 04:18:21,2023-06-02 09:47:02
183,kantahkabmubar,ditjentataruang,177,2023-04-07 07:29:31,2023-06-02 09:47:02
184,katadatacoid,jokowi,178,2023-04-07 08:06:47,2023-06-02 09:47:02
185,avibkah,katadatacoid,179,2023-04-07 08:11:19,2023-06-02 09:47:02
186,syarifiirvan,katadatacoid,180,2023-04-07 11:15:03,2023-06-02 09:47:02
187,tmahartomo071,katadatacoid,181,2023-04-07 12:38:29,2023-06-02 09:47:02
188,chacaday,witelmedan,182,2023-04-07 14:46:45,2023-06-02 09:47:02
189,didikekky,katadatacoid,183,2023-04-07 17:17:28,2023-06-02 09:47:02
190,astarte2017,astarte2017,184,2023-04-07 20:31:43,2023-06-02 09:47:02
191,citralokadwipa,citralokadwipa,185,2023-04-07 20:48:07,2023-06-02 09:47:02
192,yohanes_arb,bank_aconk,186,2023-04-07 21:11:33,2023-06-02 09:47:02
193,akomeng6,bank_aconk,187,2023-04-07 21:13:08,2023-06-02 09:47:02
194,celebes07,bank_aconk,188,2023-04-07 21:39:52,2023-06-02 09:47:02
195,alshaibashihab,bank_aconk,189,2023-04-07 21:50:52,2023-06-02 09:47:02
196,indones1akeren_,bank_aconk,190,2023-04-07 22:07:45,2023-06-02 09:47:02
197,angelamaziiing,bank_aconk,191,2023-04-07 22:28:29,2023-06-02 09:47:02
198,torrez_20_06,bank_aconk,192,2023-04-07 22:39:28,2023-06-02 09:47:02
199,anggita_lung,bank_aconk,193,2023-04-07 22:39:52,2023-06-02 09:47:02
200,_garu_da,bank_aconk,194,2023-04-07 22:42:38,2023-06-02 09:47:02
201,tanlychat,katadatacoid,195,2023-04-07 22:46:15,2023-06-02 09:47:02
202,thoyiblupaplng,bank_aconk,196,2023-04-07 23:04:36,2023-06-02 09:47:02
203,ranisor,bank_aconk,197,2023-04-07 23:17:59,2023-06-02 09:47:02
204,rii1naa,bank_aconk,198,2023-04-07 23:20:38,2023-06-02 09:47:02
205,irakoestomo,bank_aconk,199,2023-04-08 01:03:13,2023-06-02 09:47:02
206,forjakeu,bank_aconk,200,2023-04-08 01:10:56,2023-06-02 09:47:02
207,iqbalink13,bank_aconk,201,2023-04-08 01:15:41,2023-06-02 09:47:02
208,apolloresor,bank_aconk,202,2023-04-08 01:20:25,2023-06-02 09:47:02
209,magarapoo,bank_aconk,203,2023-04-08 01:28:26,2023-06-02 09:47:02
210,lisniamustika,witelmedan,204,2023-04-08 02:04:05,2023-06-02 09:47:02
211,komatkamiit,bank_aconk,205,2023-04-08 02:15:46,2023-06-02 09:47:02
212,farrdels,witelmedan,206,2023-04-08 02:24:53,2023-06-02 09:47:02
213,otak_sesendok,bank_aconk,207,2023-04-08 02:55:28,2023-06-02 09:47:02
214,aristrisno2,kemenpu,208,2023-04-08 05:58:42,2023-06-02 09:47:02
215,budisiswa01,kemenpu,209,2023-04-08 06:07:20,2023-06-02 09:47:02
216,titikterangnews,kemenpu,210,2023-04-08 06:15:57,2023-06-02 09:47:02
217,shalsazn,witelmedan,211,2023-04-08 07:57:32,2023-06-02 09:47:02
218,bobbypoerwana,kemenpu,212,2023-04-08 08:06:13,2023-06-02 09:47:02
219,ayuwu1an,witelmedan,213,2023-04-08 08:12:25,2023-06-02 09:47:02
220,mayasilmili,witelmedan,214,2023-04-08 08:33:39,2023-06-02 09:47:02
221,igo_winata,kemenpu,215,2023-04-08 08:38:47,2023-06-02 09:47:02
222,shayllamutiara,witelmedan,216,2023-04-08 08:53:48,2023-06-02 09:47:02
223,_tenggangrasa,gi_n0ng,217,2023-04-08 09:37:40,2023-06-02 09:47:02
224,dp6052,kemenpu,218,2023-04-08 09:54:31,2023-06-02 09:47:02
225,iromismet,gi_n0ng,219,2023-04-08 10:00:41,2023-06-02 09:47:02
226,triwahyuutama15,kemenpu,220,2023-04-08 10:45:22,2023-06-02 09:47:02
227,noorannisarahma,witelmedan,221,2023-04-08 11:45:15,2023-06-02 09:47:02
228,atdjasthias,kemenpu,222,2023-04-08 12:48:06,2023-06-02 09:47:02
229,_25selawe,gi_n0ng,223,2023-04-08 16:10:33,2023-06-02 09:47:02
230,datuksati,kemenpu,224,2023-04-08 17:32:17,2023-06-02 09:47:02
231,hasanahmutiara1,kemenpu,225,2023-04-08 20:19:23,2023-06-02 09:47:02
232,nyimaslomb4150,kemenpu,226,2023-04-08 21:38:53,2023-06-02 09:47:02
233,t_araalla,kemenpu,227,2023-04-08 22:03:27,2023-06-02 09:47:02
234,woda_johan,gi_n0ng,228,2023-04-09 00:39:16,2023-06-02 09:47:02
235,asyifaning,witelmedan,229,2023-04-09 01:26:26,2023-06-02 09:47:02
236,rachmadinasheza,witelmedan,230,2023-04-09 01:28:27,2023-06-02 09:47:02
237,woda_johan,nkri_jokowisyoo,231,2023-04-09 01:34:01,2023-06-02 09:47:02
238,devipranayanti,witelmedan,232,2023-04-09 02:10:38,2023-06-02 09:47:02
239,radioelshinta,kemenpu,233,2023-04-09 02:20:38,2023-06-02 09:47:02
240,virarahmadina,witelmedan,234,2023-04-09 02:41:10,2023-06-02 09:47:02
241,_ardianata,kemenpu,235,2023-04-09 03:55:23,2023-06-02 09:47:02
242,tidacangtip,dara_cega,236,2023-04-09 04:14:37,2023-06-02 09:47:02
243,kemenparekraf,ikn_id,237,2023-04-09 11:00:18,2023-06-02 09:47:02
244,fajarpuger,kemenpu,238,2023-04-09 11:51:42,2023-06-02 09:47:02
245,reymondabraham,nkri_jokowisyoo,239,2023-04-09 12:37:17,2023-06-02 09:47:02
246,sdnsedayu,kemenparekraf,240,2023-04-09 13:38:06,2023-06-02 09:47:02
247,siskaharliyanti,witelmedan,241,2023-04-09 14:33:25,2023-06-02 09:47:02
248,bank_aconk,forjakeu,242,2023-04-09 21:44:41,2023-06-02 09:47:02
249,iqbalink13,forjakeu,243,2023-04-09 21:53:45,2023-06-02 09:47:02
250,alshaibashihab,forjakeu,244,2023-04-09 21:57:04,2023-06-02 09:47:02
251,apolloresor,forjakeu,245,2023-04-09 21:58:23,2023-06-02 09:47:02
252,rasyamahardika7,forjakeu,246,2023-04-09 22:10:24,2023-06-02 09:47:02
253,dpopsamarinda,kemenparekraf,247,2023-04-09 22:11:21,2023-06-02 09:47:02
254,yohanes_arb,forjakeu,248,2023-04-09 22:31:43,2023-06-02 09:47:02
255,akomeng6,forjakeu,249,2023-04-09 22:33:56,2023-06-02 09:47:02
256,_garu_da,forjakeu,250,2023-04-09 22:45:13,2023-06-02 09:47:02
257,celebes07,forjakeu,251,2023-04-09 22:55:15,2023-06-02 09:47:02
258,rii1naa,forjakeu,252,2023-04-09 23:05:19,2023-06-02 09:47:02
259,thoyiblupaplng,forjakeu,253,2023-04-09 23:07:31,2023-06-02 09:47:02
260,indones1akeren_,forjakeu,254,2023-04-09 23:19:06,2023-06-02 09:47:02
261,pppbajomulyo,kemenparekraf,255,2023-04-09 23:39:18,2023-06-02 09:47:02
262,anggita_lung,forjakeu,256,2023-04-10 00:28:24,2023-06-02 09:47:02
263,ranisor,forjakeu,257,2023-04-10 00:50:06,2023-06-02 09:47:02
264,houdianna,kotanusantara,258,2023-04-10 01:09:19,2023-06-02 09:47:02
265,torrez_20_06,forjakeu,259,2023-04-10 02:09:20,2023-06-02 09:47:02
266,irakoestomo,forjakeu,260,2023-04-10 02:35:30,2023-06-02 09:47:02
267,komatkamiit,forjakeu,261,2023-04-10 02:43:26,2023-06-02 09:47:02
268,otak_sesendok,forjakeu,262,2023-04-10 02:46:42,2023-06-02 09:47:02
269,negarakuapa,negarakuapa,263,2023-04-10 03:17:11,2023-06-02 09:47:02
270,ekoadji,hendrarprihadi,264,2023-04-10 03:34:00,2023-06-02 09:47:02
271,no2_thambenk,hendrarprihadi,265,2023-04-10 03:36:05,2023-06-02 09:47:02
272,listiamanda,meraaahputiiih,266,2023-04-10 03:37:47,2023-06-02 09:47:02
273,tegar19784522,hendrarprihadi,267,2023-04-10 03:56:15,2023-06-02 09:47:02
274,roosfeary,hendrarprihadi,268,2023-04-10 03:57:00,2023-06-02 09:47:02
275,nursultan_kbri,nursultan_kbri,269,2023-04-10 04:03:58,2023-06-02 09:47:02
276,antipki19,tempodotco,270,2023-04-10 04:35:11,2023-06-02 09:47:02
277,momon_garuk44,hendrarprihadi,271,2023-04-10 05:07:43,2023-06-02 09:47:02
278,asmarie_,hendrarprihadi,272,2023-04-10 06:39:38,2023-06-02 09:47:02
279,fadjroel,nursultan_kbri,273,2023-04-10 08:14:46,2023-06-02 09:47:02
280,doetaalam,hendrarprihadi,274,2023-04-10 09:55:52,2023-06-02 09:47:02
281,julimakmur,hendrarprihadi,275,2023-04-10 10:08:45,2023-06-02 09:47:02
282,pineappleaqy,ivanlanin,276,2023-04-10 12:15:37,2023-06-02 09:47:02
283,bejomulyo18,catsiemeong,277,2023-04-10 13:36:37,2023-06-02 09:47:02
284,ekrafkbb,kemenparekraf,278,2023-04-10 16:04:31,2023-06-02 09:47:02
285,daniel_supit,hendrarprihadi,279,2023-04-10 17:35:21,2023-06-02 09:47:02
286,alshaibashihab,_garu_da,280,2023-04-10 20:42:34,2023-06-02 09:47:02
287,kadekchandra,_garu_da,281,2023-04-10 20:45:30,2023-06-02 09:47:02
288,rasyamahardika7,_garu_da,282,2023-04-10 20:56:11,2023-06-02 09:47:02
289,celebes07,_garu_da,283,2023-04-10 21:15:33,2023-06-02 09:47:02
290,indones1akeren_,_garu_da,284,2023-04-10 21:20:26,2023-06-02 09:47:02
291,rasyamahardika7,torrez_20_06,285,2023-04-10 21:26:33,2023-06-02 09:47:02
292,alshaibashihab,torrez_20_06,286,2023-04-10 21:27:35,2023-06-02 09:47:02
293,yohanes_arb,_garu_da,287,2023-04-10 21:34:12,2023-06-02 09:47:02
294,akomeng6,_garu_da,288,2023-04-10 21:37:15,2023-06-02 09:47:02
295,alshaibashihab,komatkamiit,289,2023-04-10 22:37:49,2023-06-02 09:47:02
296,rasyamahardika7,komatkamiit,290,2023-04-10 22:39:22,2023-06-02 09:47:02
297,yohanes_arb,torrez_20_06,291,2023-04-10 22:51:22,2023-06-02 09:47:02
298,akomeng6,torrez_20_06,292,2023-04-10 22:52:31,2023-06-02 09:47:02
299,ranisor,torrez_20_06,293,2023-04-10 23:01:12,2023-06-02 09:47:02
300,akomeng6,komatkamiit,294,2023-04-10 23:01:22,2023-06-02 09:47:02
301,yohanes_arb,komatkamiit,295,2023-04-10 23:03:19,2023-06-02 09:47:02
302,celebes07,komatkamiit,296,2023-04-10 23:15:49,2023-06-02 09:47:02
303,celebes07,torrez_20_06,297,2023-04-10 23:18:48,2023-06-02 09:47:02
304,indones1akeren_,komatkamiit,298,2023-04-10 23:20:15,2023-06-02 09:47:02
305,indones1akeren_,torrez_20_06,299,2023-04-10 23:21:04,2023-06-02 09:47:02
306,ranisor,_garu_da,300,2023-04-10 23:25:55,2023-06-02 09:47:02
307,anggita_lung,_garu_da,301,2023-04-10 23:28:41,2023-06-02 09:47:02
308,anggita_lung,torrez_20_06,302,2023-04-10 23:29:51,2023-06-02 09:47:02
309,rii1naa,komatkamiit,303,2023-04-10 23:33:47,2023-06-02 09:47:02
310,jimbe94127701,meraaahputiiih,304,2023-04-10 23:38:14,2023-06-02 09:47:02
311,rii1naa,_garu_da,305,2023-04-10 23:44:32,2023-06-02 09:47:02
312,rii1naa,torrez_20_06,306,2023-04-10 23:56:40,2023-06-02 09:47:02
313,torrez_20_06,komatkamiit,307,2023-04-10 23:58:15,2023-06-02 09:47:02
314,torrez_20_06,torrez_20_06,308,2023-04-11 00:37:52,2023-06-02 09:47:02
315,torrez_20_06,_garu_da,309,2023-04-11 00:43:26,2023-06-02 09:47:02
316,bank_aconk,_garu_da,310,2023-04-11 00:49:54,2023-06-02 09:47:02
317,putri_chiki,_garu_da,311,2023-04-11 00:50:01,2023-06-02 09:47:02
318,bank_aconk,torrez_20_06,312,2023-04-11 00:51:38,2023-06-02 09:47:02
319,bank_aconk,komatkamiit,313,2023-04-11 00:52:24,2023-06-02 09:47:02
320,apolloresor,komatkamiit,314,2023-04-11 00:53:23,2023-06-02 09:47:02
321,apolloresor,torrez_20_06,315,2023-04-11 00:53:54,2023-06-02 09:47:02
322,apolloresor,_garu_da,316,2023-04-11 00:54:47,2023-06-02 09:47:02
323,forjakeu,komatkamiit,317,2023-04-11 00:57:56,2023-06-02 09:47:02
324,forjakeu,torrez_20_06,318,2023-04-11 00:58:28,2023-06-02 09:47:02
325,forjakeu,_garu_da,319,2023-04-11 00:59:29,2023-06-02 09:47:02
326,iqbalink13,komatkamiit,320,2023-04-11 01:02:01,2023-06-02 09:47:02
327,iqbalink13,torrez_20_06,321,2023-04-11 01:02:38,2023-06-02 09:47:02
328,putri_chiki,torrez_20_06,322,2023-04-11 01:03:19,2023-06-02 09:47:02
329,iqbalink13,_garu_da,323,2023-04-11 01:03:48,2023-06-02 09:47:02
330,putri_chiki,komatkamiit,324,2023-04-11 01:03:54,2023-06-02 09:47:02
331,_garu_da,komatkamiit,325,2023-04-11 01:27:07,2023-06-02 09:47:02
332,_garu_da,torrez_20_06,326,2023-04-11 01:28:03,2023-06-02 09:47:02
333,vaniaciprut,dr_moeldoko,327,2023-04-11 01:33:56,2023-06-02 09:47:02
334,thoyiblupaplng,_garu_da,328,2023-04-11 01:36:02,2023-06-02 09:47:02
335,akbar84_,vaniaciprut,329,2023-04-11 01:37:05,2023-06-02 09:47:02
336,thoyiblupaplng,torrez_20_06,330,2023-04-11 01:40:29,2023-06-02 09:47:02
337,thoyiblupaplng,komatkamiit,331,2023-04-11 01:41:03,2023-06-02 09:47:02
338,jungmoonjang123,asumsico,332,2023-04-11 02:08:38,2023-06-02 09:47:02
339,komatkamiit,torrez_20_06,333,2023-04-11 02:17:56,2023-06-02 09:47:02
340,komatkamiit,_garu_da,334,2023-04-11 02:20:58,2023-06-02 09:47:02
341,softwarnews,vaniaciprut,335,2023-04-11 02:24:42,2023-06-02 09:47:02
342,dcristnugroho,vaniaciprut,336,2023-04-11 02:26:02,2023-06-02 09:47:02
343,otak_sesendok,torrez_20_06,337,2023-04-11 02:26:13,2023-06-02 09:47:02
344,otak_sesendok,_garu_da,338,2023-04-11 02:28:40,2023-06-02 09:47:02
345,adhitya_anand4,vaniaciprut,339,2023-04-11 02:34:40,2023-06-02 09:47:02
346,alzhaqyherry,hendrarprihadi,340,2023-04-11 02:41:00,2023-06-02 09:47:02
347,vini_vidi_veci,dr_moeldoko,341,2023-04-11 02:43:33,2023-06-02 09:47:02
348,vini_vidi_veci,vaniaciprut,342,2023-04-11 02:49:00,2023-06-02 09:47:02
349,adhitya_anand4,vini_vidi_veci,343,2023-04-11 02:57:43,2023-06-02 09:47:02
350,hum4nnerr0r_,hum4nnerr0r_,344,2023-04-11 02:58:21,2023-06-02 09:47:02
351,kitajokowi_xyz,vini_vidi_veci,345,2023-04-11 03:02:25,2023-06-02 09:47:02
352,abahjojo_,vini_vidi_veci,346,2023-04-11 03:23:51,2023-06-02 09:47:02
353,abahjojo_,vaniaciprut,347,2023-04-11 03:24:24,2023-06-02 09:47:02
354,anibidadari,vini_vidi_veci,348,2023-04-11 03:24:57,2023-06-02 09:47:02
355,kakak_ica,vini_vidi_veci,349,2023-04-11 03:45:47,2023-06-02 09:47:02
356,kakak_ica,vaniaciprut,350,2023-04-11 03:46:48,2023-06-02 09:47:02
357,reiawanmoeldoko,vaniaciprut,351,2023-04-11 04:08:52,2023-06-02 09:47:02
358,sahabat_hijroh,vaniaciprut,352,2023-04-11 04:10:00,2023-06-02 09:47:02
359,ham1875240103,poldakaltim,353,2023-04-11 05:03:05,2023-06-02 09:47:02
360,neng_di2,vaniaciprut,354,2023-04-11 05:28:42,2023-06-02 09:47:02
361,ta_k3n,vini_vidi_veci,355,2023-04-11 06:48:38,2023-06-02 09:47:02
362,nenk__d,dr_moeldoko,356,2023-04-11 07:21:00,2023-06-02 09:47:02
363,nenk__d,vini_vidi_veci,357,2023-04-11 07:42:19,2023-06-02 09:47:02
364,airlangga_hrt,airlangga_hrt,358,2023-04-11 08:00:53,2023-06-02 09:47:02
365,ta_k3n,nenk__d,359,2023-04-11 08:26:23,2023-06-02 09:47:02
366,kkajikkaji,torrez_20_06,360,2023-04-11 08:35:34,2023-06-02 09:47:02
367,pafarotte,pafarotte,361,2023-04-11 08:41:12,2023-06-02 09:47:02
368,farahnathan24,torrez_20_06,362,2023-04-11 08:42:24,2023-06-02 09:47:02
369,plat___ag,pafarotte,363,2023-04-11 09:38:34,2023-06-02 09:47:02
370,plat___ag,nenk__d,364,2023-04-11 09:39:06,2023-06-02 09:47:02
371,bi3ir,dr_moeldoko,365,2023-04-11 10:05:54,2023-06-02 09:47:02
372,akbar84_,bi3ir,366,2023-04-11 10:06:34,2023-06-02 09:47:02
373,dew0w1snu,vaniaciprut,367,2023-04-11 10:19:27,2023-06-02 09:47:02
374,bi3ir,nenk__d,368,2023-04-11 11:05:15,2023-06-02 09:47:02
375,bi3ir,pafarotte,369,2023-04-11 11:06:15,2023-06-02 09:47:02
376,pedjoeang_nkri,bi3ir,370,2023-04-11 11:13:02,2023-06-02 09:47:02
377,pedjoeang_nkri,pafarotte,371,2023-04-11 11:41:43,2023-06-02 09:47:02
378,alya3231,bi3ir,372,2023-04-11 14:02:39,2023-06-02 09:47:02
379,alya3231,nenk__d,373,2023-04-11 14:03:41,2023-06-02 09:47:02
380,alya3231,vini_vidi_veci,374,2023-04-11 14:05:55,2023-06-02 09:47:02
381,alya3231,vaniaciprut,375,2023-04-11 14:06:08,2023-06-02 09:47:02
382,alya3231,pafarotte,376,2023-04-11 14:07:22,2023-06-02 09:47:02
383,raretiopoopo,analaatmaja,377,2023-04-11 15:27:43,2023-06-02 09:47:02
384,dew0w1snu,bi3ir,378,2023-04-11 16:27:32,2023-06-02 09:47:02
385,dew0w1snu,pafarotte,379,2023-04-11 16:29:45,2023-06-02 09:47:02
386,mikadongaku22,bi3ir,380,2023-04-11 18:42:19,2023-06-02 09:47:02
387,iknnusantaraid,iknnusantaraid,381,2023-04-11 21:10:34,2023-06-02 09:47:02
388,alshaibashihab,hansunriko,382,2023-04-11 21:36:36,2023-06-02 09:47:02
389,alshaibashihab,torrez_20_06,383,2023-04-11 21:43:05,2023-06-02 09:47:02
390,salamda35533230,salamda35533230,384,2023-04-11 21:43:35,2023-06-02 09:47:02
391,akomeng6,hansunriko,385,2023-04-11 21:45:34,2023-06-02 09:47:02
392,rasyamahardika7,torrez_20_06,386,2023-04-11 21:46:05,2023-06-02 09:47:02
393,rasyamahardika7,hansunriko,387,2023-04-11 21:48:49,2023-06-02 09:47:02
394,yohanes_arb,hansunriko,388,2023-04-11 21:50:08,2023-06-02 09:47:02
395,anggita_lung,hansunriko,389,2023-04-11 22:00:33,2023-06-02 09:47:02
396,_garu_da,komatkamiit,390,2023-04-11 22:04:27,2023-06-02 09:47:02
397,anggita_lung,komatkamiit,391,2023-04-11 22:04:41,2023-06-02 09:47:02
398,_garu_da,hansunriko,392,2023-04-11 22:06:03,2023-06-02 09:47:02
399,ranisor,komatkamiit,393,2023-04-11 22:08:14,2023-06-02 09:47:02
400,ranisor,hansunriko,394,2023-04-11 22:10:31,2023-06-02 09:47:02
401,yohanes_arb,torrez_20_06,395,2023-04-11 22:11:09,2023-06-02 09:47:02
402,akomeng6,torrez_20_06,396,2023-04-11 22:12:51,2023-06-02 09:47:02
403,akomeng6,komatkamiit,397,2023-04-11 22:13:39,2023-06-02 09:47:02
404,yohanes_arb,komatkamiit,398,2023-04-11 22:15:49,2023-06-02 09:47:02
405,thoyiblupaplng,komatkamiit,399,2023-04-11 22:43:32,2023-06-02 09:47:02
406,thoyiblupaplng,torrez_20_06,400,2023-04-11 22:45:15,2023-06-02 09:47:02
407,thoyiblupaplng,hansunriko,401,2023-04-11 23:00:04,2023-06-02 09:47:02
408,bank_aconk,hansunriko,402,2023-04-11 23:11:53,2023-06-02 09:47:02
409,torrez_20_06,komatkamiit,403,2023-04-11 23:19:52,2023-06-02 09:47:02
410,torrez_20_06,torrez_20_06,404,2023-04-11 23:19:59,2023-06-02 09:47:02
411,torrez_20_06,hansunriko,405,2023-04-11 23:21:07,2023-06-02 09:47:02
412,vaniaciprut,bi3ir,406,2023-04-11 23:31:55,2023-06-02 09:47:02
413,vaniaciprut,pafarotte,407,2023-04-11 23:32:25,2023-06-02 09:47:02
414,rii1naa,torrez_20_06,408,2023-04-11 23:42:16,2023-06-02 09:47:02
415,bank_aconk,torrez_20_06,409,2023-04-11 23:42:37,2023-06-02 09:47:02
416,bank_aconk,komatkamiit,410,2023-04-11 23:43:07,2023-06-02 09:47:02
417,putri_chiki,hansunriko,411,2023-04-11 23:43:46,2023-06-02 09:47:02
418,putri_chiki,torrez_20_06,412,2023-04-11 23:44:37,2023-06-02 09:47:02
419,putri_chiki,komatkamiit,413,2023-04-11 23:44:45,2023-06-02 09:47:02
420,rii1naa,komatkamiit,414,2023-04-11 23:44:51,2023-06-02 09:47:02
421,apolloresor,komatkamiit,415,2023-04-11 23:45:10,2023-06-02 09:47:02
422,apolloresor,torrez_20_06,416,2023-04-11 23:45:19,2023-06-02 09:47:02
423,apolloresor,hansunriko,417,2023-04-11 23:45:50,2023-06-02 09:47:02
424,ayahfarrel02,hansunriko,418,2023-04-11 23:47:48,2023-06-02 09:47:02
425,ayahfarrel02,torrez_20_06,419,2023-04-11 23:48:26,2023-06-02 09:47:02
426,ayahfarrel02,komatkamiit,420,2023-04-11 23:48:33,2023-06-02 09:47:02
427,celebes07,komatkamiit,421,2023-04-11 23:49:05,2023-06-02 09:47:02
428,forjakeu,komatkamiit,422,2023-04-11 23:50:36,2023-06-02 09:47:02
429,forjakeu,torrez_20_06,423,2023-04-11 23:51:05,2023-06-02 09:47:02
430,celebes07,torrez_20_06,424,2023-04-11 23:52:08,2023-06-02 09:47:02
431,forjakeu,hansunriko,425,2023-04-11 23:53:03,2023-06-02 09:47:02
432,celebes07,hansunriko,426,2023-04-11 23:54:14,2023-06-02 09:47:02
433,indones1akeren_,komatkamiit,427,2023-04-11 23:58:16,2023-06-02 09:47:02
434,indones1akeren_,torrez_20_06,428,2023-04-11 23:59:37,2023-06-02 09:47:02
435,indones1akeren_,hansunriko,429,2023-04-12 00:00:27,2023-06-02 09:47:02
436,fgtyiih,iknnusantaraid,430,2023-04-12 01:14:00,2023-06-02 09:47:02
437,roder45070212,katolikg,431,2023-04-12 01:16:16,2023-06-02 09:47:02
438,neinaadella07,neinaadella07,432,2023-04-12 01:17:16,2023-06-02 09:47:02
439,komatkamiit,hansunriko,433,2023-04-12 01:54:51,2023-06-02 09:47:02
440,komatkamiit,torrez_20_06,434,2023-04-12 01:55:48,2023-06-02 09:47:02
441,otak_sesendok,torrez_20_06,435,2023-04-12 02:14:36,2023-06-02 09:47:02
442,otak_sesendok,hansunriko,436,2023-04-12 02:17:06,2023-06-02 09:47:02
443,alfisahdinardi,alfisahdinardi,437,2023-04-12 02:22:09,2023-06-02 09:47:02
444,adhitya_anand4,bi3ir,438,2023-04-12 02:47:23,2023-06-02 09:47:02
445,adhitya_anand4,pafarotte,439,2023-04-12 02:48:08,2023-06-02 09:47:02
446,adhitya_anand4,nenk__d,440,2023-04-12 02:49:16,2023-06-02 09:47:02
447,frmnsyh55775493,frmnsyh55775493,441,2023-04-12 03:00:18,2023-06-02 09:47:02
448,harumiii_kn,harumiii_kn,442,2023-04-12 03:47:44,2023-06-02 09:47:02
449,alves_ag88,komatkamiit,443,2023-04-12 03:55:20,2023-06-02 09:47:02
450,granny_2277,granny_2277,444,2023-04-12 04:07:20,2023-06-02 09:47:02
451,juliuswijarnako,juliuswijarnako,445,2023-04-12 04:28:58,2023-06-02 09:47:02
452,qoirudineki,tempodotco,446,2023-04-12 04:41:59,2023-06-02 09:47:02
453,cak_x01,jokowi,447,2023-04-12 05:06:23,2023-06-02 09:47:02
454,messyhairbyf,messyhairbyf,448,2023-04-12 05:19:27,2023-06-02 09:47:02
455,farahnathan24,torrez_20_06,449,2023-04-12 05:41:17,2023-06-02 09:47:02
456,aepishere,mediaindonesia,450,2023-04-12 05:45:29,2023-06-02 09:47:02
457,kkajikkaji,torrez_20_06,451,2023-04-12 05:48:53,2023-06-02 09:47:02
458,bentangimaji,jokowi,452,2023-04-12 06:11:57,2023-06-02 09:47:02
459,tempodotco,tempodotco,453,2023-04-12 06:12:52,2023-06-02 09:47:02
460,afrchamp,tempodotco,454,2023-04-12 06:28:13,2023-06-02 09:47:02
461,setkabgoid,jokowi,455,2023-04-12 06:47:02,2023-06-02 09:47:02
462,setkabgoid,pramonoanung,455,2023-04-12 06:47:02,2023-06-02 09:47:02
463,menulrisa,setkabgoid,456,2023-04-12 06:50:58,2023-06-02 09:47:02
464,reagansahudin,setkabgoid,457,2023-04-12 06:55:11,2023-06-02 09:47:02
465,yusufnusantara5,bettapatua,458,2023-04-12 07:49:20,2023-06-02 09:47:02
466,_indonesiamaju_,cak_x01,459,2023-04-12 07:58:02,2023-06-02 09:47:02
467,mimi_chimmy,jokowi,460,2023-04-12 09:10:02,2023-06-02 09:47:02
468,reza_63,setwapresri,461,2023-04-12 09:31:17,2023-06-02 09:47:02
469,masterando,kompasdata,462,2023-04-12 09:53:48,2023-06-02 09:47:02
470,akunsudi,kompasdata,463,2023-04-12 10:05:45,2023-06-02 09:47:02
471,retnosetyow4t,jokowi,464,2023-04-12 10:51:02,2023-06-02 09:47:02
472,laingenlisa,retnosetyow4t,465,2023-04-12 10:52:03,2023-06-02 09:47:02
473,arekkampung5,arekkampung5,466,2023-04-12 11:34:28,2023-06-02 09:47:02
474,mahendraxy,mahendraxy,467,2023-04-12 11:42:14,2023-06-02 09:47:02
475,rahwan_asep,retnosetyow4t,468,2023-04-12 11:51:32,2023-06-02 09:47:02
476,penjagajokowi1,jokowi,469,2023-04-12 15:51:54,2023-06-02 09:47:02
477,sudar586028012,penjagajokowi1,470,2023-04-12 15:58:49,2023-06-02 09:47:02
478,henrywidjaja74,mandiri_olt,471,2023-04-12 21:41:09,2023-06-02 09:47:02
479,yohanes_arb,hansunriko,472,2023-04-12 21:58:01,2023-06-02 09:47:02
480,akomeng6,hansunriko,473,2023-04-12 22:00:55,2023-06-02 09:47:02
481,celebes07,hansunriko,474,2023-04-12 22:04:46,2023-06-02 09:47:02
482,indones1akeren_,hansunriko,475,2023-04-12 22:06:12,2023-06-02 09:47:02
483,_garu_da,hansunriko,476,2023-04-12 22:06:36,2023-06-02 09:47:02
484,bank_aconk,hansunriko,477,2023-04-12 22:21:03,2023-06-02 09:47:02
485,murahs3nyum,kemlu_ri,478,2023-04-12 22:23:56,2023-06-02 09:47:02
486,murahs3nyum,menlu_ri,478,2023-04-12 22:23:56,2023-06-02 09:47:02
487,apolloresor,hansunriko,478,2023-04-12 22:23:56,2023-06-02 09:47:02
488,thoyiblupaplng,hansunriko,479,2023-04-12 22:26:43,2023-06-02 09:47:02
489,setkabgoid,setkabgoid,480,2023-04-12 22:29:17,2023-06-02 09:47:02
490,setkabgoid,setkabgoid,480,2023-04-12 22:29:17,2023-06-02 09:47:02
491,setkabgoid,setkabgoid,481,2023-04-12 22:29:18,2023-06-02 09:47:02
492,forjakeu,hansunriko,482,2023-04-12 22:33:34,2023-06-02 09:47:02
493,iqbalink13,hansunriko,483,2023-04-12 22:48:32,2023-06-02 09:47:02
494,anggita_lung,hansunriko,484,2023-04-12 23:07:15,2023-06-02 09:47:02
495,ranisor,hansunriko,485,2023-04-12 23:13:25,2023-06-02 09:47:02
496,mike_0402,murahs3nyum,486,2023-04-12 23:15:20,2023-06-02 09:47:02
497,itstuti100,itstuti100,487,2023-04-13 00:51:43,2023-06-02 09:47:02
498,otak_sesendok,hansunriko,488,2023-04-13 01:24:47,2023-06-02 09:47:02
499,erick140451997,erick140451997,489,2023-04-13 01:43:50,2023-06-02 09:47:02
500,neinaadella07,neinaadella07,490,2023-04-13 02:05:48,2023-06-02 09:47:02
501,tono14045,tono14045,491,2023-04-13 02:06:40,2023-06-02 09:47:02
502,disewoti,opiik_piss,492,2023-04-13 02:19:59,2023-06-02 09:47:02
503,twitnurii,opiik_piss,493,2023-04-13 02:20:15,2023-06-02 09:47:02
504,radiosmartfm,cnnindonesia,494,2023-04-13 02:45:00,2023-06-02 09:47:02
505,frmnsyh55775493,frmnsyh55775493,495,2023-04-13 02:45:12,2023-06-02 09:47:02
506,arakarakan69,arakarakan69,496,2023-04-13 03:02:47,2023-06-02 09:47:02
507,dulbedul911,dulbedul911,497,2023-04-13 03:09:28,2023-06-02 09:47:02
508,ninaang06470572,ninaang06470572,498,2023-04-13 03:12:36,2023-06-02 09:47:02
509,sthefanieau_,sthefanieau_,499,2023-04-13 03:32:07,2023-06-02 09:47:02
510,bullet28514526,abangbelneg,500,2023-04-13 03:35:13,2023-06-02 09:47:02
511,zxnm88473822,zxnm88473822,501,2023-04-13 03:46:08,2023-06-02 09:47:02
512,tolakbigotnkri,kelianbanjar_gk,502,2023-04-13 04:29:42,2023-06-02 09:47:02
513,tolakbigotnkri,4y4nkz,502,2023-04-13 04:29:42,2023-06-02 09:47:02
514,tolakbigotnkri,jokowi,502,2023-04-13 04:29:42,2023-06-02 09:47:02
515,elpanjullo,tolakbigotnkri,503,2023-04-13 04:34:05,2023-06-02 09:47:02
516,david_wijaya03,tolakbigotnkri,504,2023-04-13 04:41:33,2023-06-02 09:47:02
517,richardodhstio,tolakbigotnkri,505,2023-04-13 04:44:51,2023-06-02 09:47:02
518,richardo_tio,tolakbigotnkri,506,2023-04-13 04:48:31,2023-06-02 09:47:02
519,tio_richardo,tolakbigotnkri,507,2023-04-13 04:51:24,2023-06-02 09:47:02
520,hatabomba_,opiik_piss,508,2023-04-13 04:53:56,2023-06-02 09:47:02
521,a_latieff,opiik_piss,509,2023-04-13 05:07:54,2023-06-02 09:47:02
522,muhamma48288841,muhamma48288841,510,2023-04-13 05:19:39,2023-06-02 09:47:02
523,adaapaaja21,adaapaaja21,511,2023-04-13 05:55:13,2023-06-02 09:47:02
524,dianaaurora96,tolakbigotnkri,512,2023-04-13 09:22:23,2023-06-02 09:47:02
525,yusiwansi,murahs3nyum,513,2023-04-13 09:55:41,2023-06-02 09:47:02
526,alshaibashihab,komatkamiit,514,2023-04-13 22:07:16,2023-06-02 09:47:02
527,aileenanjani,komatkamiit,515,2023-04-13 22:10:27,2023-06-02 09:47:02
528,akomeng6,komatkamiit,516,2023-04-13 22:11:59,2023-06-02 09:47:02
529,yohanes_arb,komatkamiit,517,2023-04-13 22:13:24,2023-06-02 09:47:02
530,bank_aconk,komatkamiit,518,2023-04-13 22:25:04,2023-06-02 09:47:02
531,yulia_ns79,komatkamiit,519,2023-04-13 22:25:21,2023-06-02 09:47:02
532,celebes07,komatkamiit,520,2023-04-13 22:26:16,2023-06-02 09:47:02
533,apolloresor,komatkamiit,521,2023-04-13 22:30:18,2023-06-02 09:47:02
534,thoyiblupaplng,komatkamiit,522,2023-04-13 22:37:47,2023-06-02 09:47:02
535,_garu_da,komatkamiit,523,2023-04-13 22:39:13,2023-06-02 09:47:02
536,forjakeu,komatkamiit,524,2023-04-13 22:44:50,2023-06-02 09:47:02
537,detikcom,detik_sulsel,525,2023-04-13 22:53:55,2023-06-02 09:47:02
538,prasetiyoep,detikcom,526,2023-04-13 23:00:12,2023-06-02 09:47:02
539,iqbalink13,komatkamiit,527,2023-04-13 23:09:09,2023-06-02 09:47:02
540,abehanief,detikcom,528,2023-04-13 23:19:56,2023-06-02 09:47:02
541,zxnm88473822,zxnm88473822,529,2023-04-13 23:35:53,2023-06-02 09:47:02
542,torrez_20_06,komatkamiit,530,2023-04-14 00:06:58,2023-06-02 09:47:02
543,putri_chiki,komatkamiit,531,2023-04-14 00:08:59,2023-06-02 09:47:02
544,ikn_id,ikn_id,532,2023-04-14 00:11:39,2023-06-02 09:47:02
545,ockysaputraa,detikcom,533,2023-04-14 01:02:12,2023-06-02 09:47:02
546,ryanbakkaru,detikcom,534,2023-04-14 02:07:04,2023-06-02 09:47:02
547,muhamma48288841,muhamma48288841,535,2023-04-14 03:45:18,2023-06-02 09:47:02
548,harumiii_kn,harumiii_kn,536,2023-04-14 03:45:43,2023-06-02 09:47:02
549,harrispradana_,harrispradana_,537,2023-04-14 03:48:28,2023-06-02 09:47:02
550,granny_2277,granny_2277,538,2023-04-14 04:13:57,2023-06-02 09:47:02
551,eveertth,setkabgoid,539,2023-04-14 04:20:07,2023-06-02 09:47:02
552,adaapaaja21,adaapaaja21,540,2023-04-14 04:32:14,2023-06-02 09:47:02
553,messyhairbyf,messyhairbyf,541,2023-04-14 04:33:35,2023-06-02 09:47:02
554,alfisahdinardi,alfisahdinardi,542,2023-04-14 05:00:49,2023-06-02 09:47:02
555,kantahkotjaksel,rajajuliantoni,543,2023-04-14 05:33:37,2023-06-02 09:47:02
556,mang_ib,mang_ib,544,2023-04-14 07:58:24,2023-06-02 09:47:02
557,kantahkotapku,kementerian,545,2023-04-14 08:46:52,2023-06-02 09:47:02
558,kantahkabinhil,kementerian,546,2023-04-14 09:30:57,2023-06-02 09:47:02
559,kaltimkeceid,dandhy_laksono,547,2023-04-14 10:03:55,2023-06-02 09:47:02
560,kantahkabtator,atr_bpn,548,2023-04-14 11:13:55,2023-06-02 09:47:02
561,kantahkotaswl,atrbpn,549,2023-04-14 12:31:28,2023-06-02 09:47:02
562,taswin50399860,kompascom,550,2023-05-24 09:02:25,2023-06-02 09:47:02
563,polresbontang,poldakaltim,551,2023-05-24 21:23:11,2023-06-02 09:47:02
564,bangkitriambada,detikfinance,552,2023-05-24 22:23:00,2023-06-02 09:47:02
565,boyzneboyzone,sahabatkita__,553,2023-05-24 22:27:05,2023-06-02 09:47:02
566,radiosmartfm,kompascom,554,2023-05-25 03:30:00,2023-06-02 09:47:02
567,arrayah43832329,katadatacoid,555,2023-05-25 07:38:19,2023-06-02 09:47:02
568,karyopahing,inilahdotcom,556,2023-05-25 10:41:22,2023-06-02 09:47:02
569,abdoeljegger202,inilahdotcom,557,2023-05-25 12:17:37,2023-06-02 09:47:02
570,bagiwang,inilahdotcom,558,2023-05-25 17:27:06,2023-06-02 09:47:02
571,hansunriko,jokowi,559,2023-05-25 20:31:14,2023-06-02 09:47:02
572,akomeng6,hansunriko,560,2023-05-25 21:15:54,2023-06-02 09:47:02
573,akomeng6,torrez_20_06,561,2023-05-25 22:25:36,2023-06-02 09:47:02
574,bintangkec1l,inilahdotcom,562,2023-05-25 23:08:03,2023-06-02 09:47:02
575,indones1akeren_,torrez_20_06,563,2023-05-25 23:10:06,2023-06-02 09:47:02
576,anggita_lung,torrez_20_06,564,2023-05-25 23:20:05,2023-06-02 09:47:02
577,anggita_lung,hansunriko,565,2023-05-25 23:21:12,2023-06-02 09:47:02
578,ranisor,hansunriko,566,2023-05-25 23:25:31,2023-06-02 09:47:02
579,ranisor,torrez_20_06,567,2023-05-25 23:26:32,2023-06-02 09:47:02
580,indones1aku,hansunriko,568,2023-05-25 23:44:53,2023-06-02 09:47:02
581,indones1aku,torrez_20_06,569,2023-05-25 23:51:38,2023-06-02 09:47:02
582,indones1akeren_,hansunriko,570,2023-05-26 00:00:10,2023-06-02 09:47:02
583,rasyamahardika7,hansunriko,571,2023-05-26 01:01:12,2023-06-02 09:47:02
584,bank_aconk,hansunriko,572,2023-05-26 01:09:17,2023-06-02 09:47:02
585,rasyamahardika7,torrez_20_06,573,2023-05-26 01:10:40,2023-06-02 09:47:02
586,bank_aconk,torrez_20_06,574,2023-05-26 01:39:18,2023-06-02 09:47:02
587,_garu_da,torrez_20_06,575,2023-05-26 01:46:42,2023-06-02 09:47:02
588,_garu_da,hansunriko,576,2023-05-26 01:52:06,2023-06-02 09:47:02
589,thoyiblupaplng,torrez_20_06,577,2023-05-26 01:55:32,2023-06-02 09:47:02
590,thoyiblupaplng,hansunriko,578,2023-05-26 01:59:24,2023-06-02 09:47:02
591,catatankaqihati,torrez_20_06,579,2023-05-26 03:34:22,2023-06-02 09:47:02
592,catatankaqihati,hansunriko,580,2023-05-26 03:40:07,2023-06-02 09:47:02
593,komatkamiit,torrez_20_06,581,2023-05-26 03:49:32,2023-06-02 09:47:02
594,komatkamiit,hansunriko,582,2023-05-26 03:53:15,2023-06-02 09:47:02
595,alshaibashihab,torrez_20_06,583,2023-05-26 04:42:54,2023-06-02 09:47:02
596,alshaibashihab,hansunriko,584,2023-05-26 04:54:30,2023-06-02 09:47:02
597,aswadbaihaqi,jokowi,585,2023-05-26 06:47:23,2023-06-02 09:47:02
598,kantahkabmrnti,kantahkabmrnti,586,2023-05-26 12:29:21,2023-06-02 09:47:02
599,kantahkotjaksel,kantahkotjaksel,587,2023-05-26 13:10:43,2023-06-02 09:47:02
600,kkajikkaji,torrez_20_06,588,2023-05-26 14:18:23,2023-06-02 09:47:02
601,purbajames007,antaranews,589,2023-05-26 19:46:09,2023-06-02 09:47:02
602,aepishere,bisniscom,590,2023-05-27 05:09:09,2023-06-02 09:47:02
603,farelyoel,poldakaltim,591,2023-05-27 07:59:33,2023-06-02 09:47:02
604,atrbpnmesuji,atrbpnmesuji,592,2023-05-27 08:58:26,2023-06-02 09:47:02
605,kotanusantara,erzavindaf,593,2023-05-27 18:45:17,2023-06-02 09:47:02
606,kotanusantara,igomagaz,593,2023-05-27 18:45:17,2023-06-02 09:47:02
607,kotanusantara,hansunriko,593,2023-05-27 18:45:17,2023-06-02 09:47:02
608,kotanusantara,ikn_id,593,2023-05-27 18:45:17,2023-06-02 09:47:02
609,kantah_atam,kantah_atam,594,2023-05-27 21:46:07,2023-06-02 09:47:02
610,kanioktaviani,kotanusantara,595,2023-05-28 00:35:18,2023-06-02 09:47:02
611,joyogozali,kotanusantara,596,2023-05-28 00:35:20,2023-06-02 09:47:02
612,axelrose234,kotanusantara,597,2023-05-28 00:35:21,2023-06-02 09:47:02
613,gegewepe00,kotanusantara,598,2023-05-28 00:35:22,2023-06-02 09:47:02
614,melabudiman,kotanusantara,599,2023-05-28 00:35:23,2023-06-02 09:47:02
615,asokadea,kotanusantara,600,2023-05-28 00:35:25,2023-06-02 09:47:02
616,malikmeong,kotanusantara,601,2023-05-28 00:35:26,2023-06-02 09:47:02
617,tishashifa,kotanusantara,602,2023-05-28 00:35:27,2023-06-02 09:47:02
618,mosesrosi,yulia_ns79,603,2023-05-28 20:51:54,2023-06-02 09:47:02
619,akomeng6,yulia_ns79,604,2023-05-28 21:19:56,2023-06-02 09:47:02
620,musarudy_stpl,yulia_ns79,605,2023-05-28 21:27:17,2023-06-02 09:47:02
621,_garu_da,yulia_ns79,606,2023-05-28 21:50:25,2023-06-02 09:47:02
622,seruanhl,yulia_ns79,607,2023-05-28 21:56:30,2023-06-02 09:47:02
623,thoyiblupaplng,yulia_ns79,608,2023-05-28 22:04:50,2023-06-02 09:47:02
624,kantahkabpkl,kantahkabpkl,609,2023-05-28 23:43:42,2023-06-02 09:47:02
625,rasyamahardika7,yulia_ns79,610,2023-05-28 23:47:20,2023-06-02 09:47:02
626,bpn_palembang,bpn_palembang,611,2023-05-29 00:01:42,2023-06-02 09:47:02
627,indones1akeren_,yulia_ns79,612,2023-05-29 00:09:21,2023-06-02 09:47:02
628,alshaibashihab,yulia_ns79,613,2023-05-29 00:09:35,2023-06-02 09:47:02
629,zheyenk26,yulia_ns79,614,2023-05-29 00:35:22,2023-06-02 09:47:02
630,celebes07,yulia_ns79,615,2023-05-29 01:23:46,2023-06-02 09:47:02
631,nsjayaid,yulia_ns79,616,2023-05-29 01:24:31,2023-06-02 09:47:02
632,indones1aku,yulia_ns79,617,2023-05-29 01:26:11,2023-06-02 09:47:02
633,bank_aconk,yulia_ns79,618,2023-05-29 01:27:04,2023-06-02 09:47:02
634,catatankaqihati,yulia_ns79,619,2023-05-29 02:14:20,2023-06-02 09:47:02
635,kantahhalbar,kantahhalbar,620,2023-05-29 02:30:13,2023-06-02 09:47:02
636,minietweets_,yulia_ns79,621,2023-05-29 03:30:32,2023-06-02 09:47:02
637,r_min80,yulia_ns79,622,2023-05-29 06:48:14,2023-06-02 09:47:02
638,sukoco_prabowo,poldakaltim,623,2023-05-29 07:45:32,2023-06-02 09:47:02
639,bpnkotbandaaceh,bpnkotbandaaceh,624,2023-05-29 23:05:48,2023-06-02 09:47:02
640,gatramediagroup,gatramediagroup,625,2023-05-30 04:51:43,2023-06-02 09:47:02
641,gatramediagroup,gatramediagroup,626,2023-05-30 04:51:46,2023-06-02 09:47:02
642,sangiranflying,kumparan,627,2023-05-30 05:53:03,2023-06-02 09:47:02
643,berlandgroup,kumparan,628,2023-05-30 06:08:51,2023-06-02 09:47:02
644,sangiranflying,tempodotco,629,2023-05-30 06:19:50,2023-06-02 09:47:02
645,sangiranflying,tvrinewscom,630,2023-05-30 06:21:36,2023-06-02 09:47:02
646,bingbinggrae,radioelshinta,631,2023-05-30 06:32:11,2023-06-02 09:47:02
647,amirelbahriy,tempodotco,632,2023-05-30 06:32:36,2023-06-02 09:47:02
648,elshinta_tegal,radioelshinta,633,2023-05-30 06:33:01,2023-06-02 09:47:02
649,mimi_chimmy,jokowi,634,2023-05-30 07:10:44,2023-06-02 09:47:02
650,paidweb3,detikcom,635,2023-05-30 07:22:12,2023-06-02 09:47:02
651,maximilan_wolf,maximilan_wolf,636,2023-05-30 07:45:58,2023-06-02 09:47:02
652,maximilan_wolf,_mbaksri_,636,2023-05-30 07:45:58,2023-06-02 09:47:02
653,maximilan_wolf,cinggaro,636,2023-05-30 07:45:58,2023-06-02 09:47:02
654,maximilan_wolf,nogososroasli,636,2023-05-30 07:45:58,2023-06-02 09:47:02
655,cnnindonesia,jokowi,637,2023-05-30 07:46:57,2023-06-02 09:47:02
656,politik___,tempodotco,638,2023-05-30 08:14:09,2023-06-02 09:47:02
657,frprayogo,detikcom,639,2023-05-30 08:22:58,2023-06-02 09:47:02
658,triwul82,jokowi,640,2023-05-30 08:34:03,2023-06-02 09:47:02
659,bs_vito,triwul82,641,2023-05-30 08:35:10,2023-06-02 09:47:02
660,ex_anaklolina,triwul82,642,2023-05-30 08:37:58,2023-06-02 09:47:02
661,kadekchandra,triwul82,643,2023-05-30 08:43:33,2023-06-02 09:47:02
662,wwleebest,triwul82,644,2023-05-30 08:44:55,2023-06-02 09:47:02
663,rriskand,triwul82,645,2023-05-30 08:46:04,2023-06-02 09:47:02
664,rian__az,triwul82,646,2023-05-30 08:47:48,2023-06-02 09:47:02
665,xc1r3ng,triwul82,647,2023-05-30 08:52:52,2023-06-02 09:47:02
666,itsmmm_13,triwul82,648,2023-05-30 08:55:25,2023-06-02 09:47:02
667,wongkalibanteng,triwul82,649,2023-05-30 08:58:24,2023-06-02 09:47:02
668,indones1aku,triwul82,650,2023-05-30 08:59:05,2023-06-02 09:47:02
669,denmaspudji,triwul82,651,2023-05-30 09:01:16,2023-06-02 09:47:02
670,yulia_ns79,triwul82,652,2023-05-30 09:13:10,2023-06-02 09:47:02
671,hi_wonderwomen,triwul82,653,2023-05-30 09:15:06,2023-06-02 09:47:02
672,naydonuts,triwul82,654,2023-05-30 09:17:38,2023-06-02 09:47:02
673,frprayogo,cnnindonesia,655,2023-05-30 09:20:12,2023-06-02 09:47:02
674,metro_tv,jokowi,656,2023-05-30 09:26:42,2023-06-02 09:47:02
675,tafdillah,metro_tv,657,2023-05-30 09:35:48,2023-06-02 09:47:02
676,franxvvv,metro_tv,658,2023-05-30 09:37:48,2023-06-02 09:47:02
677,_tenggangrasa,triwul82,659,2023-05-30 09:42:29,2023-06-02 09:47:02
678,ykomedian,metro_tv,660,2023-05-30 09:45:00,2023-06-02 09:47:02
679,shandyjepret,detikcom,661,2023-05-30 09:55:40,2023-06-02 09:47:02
680,seruanhl,triwul82,662,2023-05-30 10:04:50,2023-06-02 09:47:02
681,bluelinedot,idntimes,663,2023-05-30 10:16:43,2023-06-02 09:47:02
682,abidinznl,triwul82,664,2023-05-30 10:32:42,2023-06-02 09:47:02
683,tygrysku_,metro_tv,665,2023-05-30 10:40:14,2023-06-02 09:47:02
684,dew0w1snu,triwul82,666,2023-05-30 10:42:21,2023-06-02 09:47:02
685,nala_amirah,triwul82,667,2023-05-30 10:44:24,2023-06-02 09:47:02
686,woda_johan,triwul82,668,2023-05-30 10:45:58,2023-06-02 09:47:02
687,wo2_anis_orba_,triwul82,669,2023-05-30 10:49:06,2023-06-02 09:47:02
688,maliqridwane,mimi_chimmy,670,2023-05-30 10:50:16,2023-06-02 09:47:02
689,idey69881575,triwul82,671,2023-05-30 10:56:26,2023-06-02 09:47:02
690,rmlpas,triwul82,672,2023-05-30 11:01:09,2023-06-02 09:47:02
691,dir1ku,triwul82,673,2023-05-30 11:01:26,2023-06-02 09:47:02
692,jamalhabsy,tempodotco,674,2023-05-30 11:01:55,2023-06-02 09:47:02
693,cak_x01,jokowi,675,2023-05-30 11:11:51,2023-06-02 09:47:02
694,mhaikalfadhil,cnnindonesia,676,2023-05-30 11:26:43,2023-06-02 09:47:02
695,jemmyh8,cnnindonesia,677,2023-05-30 11:36:38,2023-06-02 09:47:02
696,jemmyh8,metro_tv,678,2023-05-30 11:38:38,2023-06-02 09:47:02
697,p3weeice,triwul82,679,2023-05-30 11:49:58,2023-06-02 09:47:02
698,diwanggadiwang1,iina_surbakti,680,2023-05-30 12:09:59,2023-06-02 09:47:02
699,bentangimaji,jokowi,681,2023-05-30 12:13:04,2023-06-02 09:47:02
700,jisatu01,jokowi,682,2023-05-30 12:18:00,2023-06-02 09:47:02
701,koncopertiwi,koncopertiwi,683,2023-05-30 12:29:34,2023-06-02 09:47:02
702,jumianto_rk,triwul82,684,2023-05-30 13:31:49,2023-06-02 09:47:02
703,gem_1000x,jisatu01,685,2023-05-30 13:33:06,2023-06-02 09:47:02
704,prsdenri,triwul82,686,2023-05-30 13:41:46,2023-06-02 09:47:02
705,rolaskendor,metro_tv,687,2023-05-30 13:55:21,2023-06-02 09:47:02
706,dpdgppsultra,jokowi,688,2023-05-30 13:55:31,2023-06-02 09:47:02
707,rommy_ardi,metro_tv,689,2023-05-30 17:19:14,2023-06-02 09:47:02
708,setkabgoid,jokowi,690,2023-05-30 18:12:04,2023-06-02 09:47:02
709,ramafdy,setkabgoid,691,2023-05-30 18:14:04,2023-06-02 09:47:02
710,prajnamu,setkabgoid,692,2023-05-30 18:17:22,2023-06-02 09:47:02
711,ranisor,jokowi,693,2023-05-30 18:27:12,2023-06-02 09:47:02
712,chairilamri12,triwul82,694,2023-05-30 18:43:33,2023-06-02 09:47:02
713,wineva202,setkabgoid,695,2023-05-30 18:47:35,2023-06-02 09:47:02
714,oholdeuboi,yradianto,696,2023-05-30 19:03:22,2023-06-02 09:47:02
715,koffie_lover,yradianto,697,2023-05-30 19:03:42,2023-06-02 09:47:02
716,roosfeary,setkabgoid,698,2023-05-30 19:05:27,2023-06-02 09:47:02
717,wdtu,yradianto,699,2023-05-30 19:08:03,2023-06-02 09:47:02
718,ctr_bowo,yradianto,700,2023-05-30 19:08:13,2023-06-02 09:47:02
719,cahkuwut,yradianto,701,2023-05-30 19:08:51,2023-06-02 09:47:02
720,effendiristriy1,yradianto,702,2023-05-30 19:11:23,2023-06-02 09:47:02
721,andida_alamsyah,yradianto,703,2023-05-30 19:12:50,2023-06-02 09:47:02
722,widya99999,yradianto,704,2023-05-30 19:21:09,2023-06-02 09:47:02
723,bibodah1,yradianto,705,2023-05-30 19:21:33,2023-06-02 09:47:02
724,herrykeytimu,yradianto,706,2023-05-30 19:21:43,2023-06-02 09:47:02
725,de_kvn2,yradianto,707,2023-05-30 19:25:30,2023-06-02 09:47:02
726,laingenlisa,yradianto,708,2023-05-30 19:28:15,2023-06-02 09:47:02
727,afif_lmg,yradianto,709,2023-05-30 19:28:41,2023-06-02 09:47:02
728,yuniyun94319256,yradianto,710,2023-05-30 19:29:15,2023-06-02 09:47:02
729,adrianteja,yradianto,711,2023-05-30 19:30:59,2023-06-02 09:47:02
730,jiwe3107,yradianto,712,2023-05-30 19:32:19,2023-06-02 09:47:02
731,piusleza5,yradianto,713,2023-05-30 19:34:16,2023-06-02 09:47:02
732,lanang_jadoel,yradianto,714,2023-05-30 19:37:12,2023-06-02 09:47:02
733,woda_johan,yradianto,715,2023-05-30 19:40:04,2023-06-02 09:47:02
734,rizkiadinp_,metro_tv,716,2023-05-30 19:41:32,2023-06-02 09:47:02
735,langlangbuana__,yradianto,717,2023-05-30 19:43:33,2023-06-02 09:47:02
736,si_wisnu,setkabgoid,718,2023-05-30 19:48:27,2023-06-02 09:47:02
737,liest07list,yradianto,719,2023-05-30 19:49:17,2023-06-02 09:47:02
738,lilissndr,okezonenews,720,2023-05-30 19:49:46,2023-06-02 09:47:02
739,yonno06667468,yradianto,721,2023-05-30 19:49:54,2023-06-02 09:47:02
740,nkrijayalah,yradianto,722,2023-05-30 19:51:19,2023-06-02 09:47:02
741,suroso_noto6,yradianto,723,2023-05-30 19:59:21,2023-06-02 09:47:02
742,pierreicon,yradianto,724,2023-05-30 20:01:13,2023-06-02 09:47:02
743,hatewe369,yradianto,725,2023-05-30 20:02:25,2023-06-02 09:47:02
744,bungandaru,yradianto,726,2023-05-30 20:03:34,2023-06-02 09:47:02
745,mulyadisaediman,yradianto,727,2023-05-30 20:09:36,2023-06-02 09:47:02
746,berbatu4,yradianto,728,2023-05-30 20:19:01,2023-06-02 09:47:02
747,viksory,jisatu01,729,2023-05-30 20:25:27,2023-06-02 09:47:02
748,frankie54832617,yradianto,730,2023-05-30 20:30:54,2023-06-02 09:47:02
749,disewoti,opiik_piss,731,2023-05-30 20:31:07,2023-06-02 09:47:02
750,twitnurii,opiik_piss,732,2023-05-30 20:31:27,2023-06-02 09:47:02
751,sanusidotcom,opiik_piss,733,2023-05-30 20:31:57,2023-06-02 09:47:02
752,levdammers,yradianto,734,2023-05-30 20:32:34,2023-06-02 09:47:02
753,widodo2017,yradianto,735,2023-05-30 20:39:33,2023-06-02 09:47:02
754,suradiparlan5,yradianto,736,2023-05-30 20:39:44,2023-06-02 09:47:02
755,hatabomba_,opiik_piss,737,2023-05-30 20:40:49,2023-06-02 09:47:02
756,achzam_prabu,yradianto,738,2023-05-30 20:40:55,2023-06-02 09:47:02
757,bis0234,yradianto,739,2023-05-30 20:47:58,2023-06-02 09:47:02
758,liestevan,yradianto,739,2023-05-30 20:47:58,2023-06-02 09:47:02
759,onjustant,yradianto,740,2023-05-30 20:49:11,2023-06-02 09:47:02
760,roysahadoen,yradianto,741,2023-05-30 20:57:16,2023-06-02 09:47:02
761,treekedua,yradianto,742,2023-05-30 21:01:08,2023-06-02 09:47:02
762,lek_brewok,yradianto,743,2023-05-30 21:02:12,2023-06-02 09:47:02
763,gdwi164,yradianto,744,2023-05-30 21:03:19,2023-06-02 09:47:02
764,azazelrich,yradianto,745,2023-05-30 21:05:50,2023-06-02 09:47:02
765,babyjoenadira,detikcom,746,2023-05-30 21:07:37,2023-06-02 09:47:02
766,bolangraddick,yradianto,747,2023-05-30 21:11:49,2023-06-02 09:47:02
767,manse_mangat,yradianto,748,2023-05-30 21:13:46,2023-06-02 09:47:02
768,iyat_jabbari,yradianto,749,2023-05-30 21:15:10,2023-06-02 09:47:02
769,whitedodo,yradianto,750,2023-05-30 21:19:55,2023-06-02 09:47:02
770,kusumovina,yradianto,751,2023-05-30 21:20:23,2023-06-02 09:47:02
771,warenkbae,yradianto,752,2023-05-30 21:24:23,2023-06-02 09:47:02
772,faridariadno,yradianto,753,2023-05-30 21:33:28,2023-06-02 09:47:02
773,lydiarumengan,metro_tv,754,2023-05-30 21:34:35,2023-06-02 09:47:02
774,hrmalik12,yradianto,755,2023-05-30 21:43:25,2023-06-02 09:47:02
775,hermanarohman4,yradianto,756,2023-05-30 21:51:19,2023-06-02 09:47:02
776,emuliantoro,yradianto,757,2023-05-30 21:54:12,2023-06-02 09:47:02
777,dade_fuad,yradianto,758,2023-05-30 22:00:02,2023-06-02 09:47:02
778,fadjar2411,yradianto,759,2023-05-30 22:02:42,2023-06-02 09:47:02
779,didiek09165668,yradianto,760,2023-05-30 22:16:55,2023-06-02 09:47:02
780,tuamaleleko,yradianto,761,2023-05-30 22:17:59,2023-06-02 09:47:02
781,andiyulman,metro_tv,762,2023-05-30 22:20:15,2023-06-02 09:47:02
782,janneshutajulu,yradianto,763,2023-05-30 22:29:38,2023-06-02 09:47:02
783,sejarahlokal,jokowi,764,2023-05-30 22:30:45,2023-06-02 09:47:02
784,aunb132,yradianto,765,2023-05-30 22:36:24,2023-06-02 09:47:02
785,rubiavianto,yradianto,766,2023-05-30 22:37:19,2023-06-02 09:47:02
786,rania_rohani,yradianto,767,2023-05-30 22:41:29,2023-06-02 09:47:02
787,karolina_bee11,karolina_bee11,768,2023-05-30 22:46:01,2023-06-02 09:47:02
788,arjunakiriti,yradianto,769,2023-05-30 22:49:29,2023-06-02 09:47:02
789,buahsegartandan,yradianto,770,2023-05-30 22:50:01,2023-06-02 09:47:02
790,idjorojorojo,yradianto,771,2023-05-30 22:53:39,2023-06-02 09:47:02
791,__rismawidiono_,triwul82,772,2023-05-30 22:53:56,2023-06-02 09:47:02
792,19_cemara,19_cemara,773,2023-05-30 23:10:52,2023-06-02 09:47:02
793,gamispendek,yradianto,774,2023-05-30 23:38:25,2023-06-02 09:47:02
794,urehheru,yradianto,775,2023-05-30 23:41:51,2023-06-02 09:47:02
795,sheilla_ang,sheilla_ang,776,2023-05-30 23:53:34,2023-06-02 09:47:02
796,p3weeice,ranisor,777,2023-05-30 23:55:50,2023-06-02 09:47:02
797,to_jentak,yradianto,778,2023-05-30 23:55:51,2023-06-02 09:47:02
798,agorafx,yradianto,779,2023-05-31 00:17:45,2023-06-02 09:47:02
799,deddyhariadi,setkabgoid,780,2023-05-31 00:30:55,2023-06-02 09:47:02
800,piyuanker12,detikcom,781,2023-05-31 00:34:52,2023-06-02 09:47:02
801,gunadi84380182,yradianto,782,2023-05-31 00:36:25,2023-06-02 09:47:02
802,abang_atus,sheilla_ang,783,2023-05-31 00:39:28,2023-06-02 09:47:02
803,piyuanker12,kompascom,784,2023-05-31 00:52:08,2023-06-02 09:47:02
804,sarmila20724164,pdi_perjuangan,785,2023-05-31 00:59:52,2023-06-02 09:47:02
805,yuskareem63,detikcom,786,2023-05-31 01:13:04,2023-06-02 09:47:02
806,mudha_satriya,pdi_perjuangan,787,2023-05-31 01:17:41,2023-06-02 09:47:02
807,rafherren290188,yradianto,788,2023-05-31 01:21:29,2023-06-02 09:47:02
808,_shab_7,kompascom,789,2023-05-31 01:34:43,2023-06-02 09:47:02
809,david_wijaya03,blasteerst,790,2023-05-31 02:03:17,2023-06-02 09:47:02
810,aulingkel48096,sheilla_ang,791,2023-05-31 02:11:10,2023-06-02 09:47:02
811,idey69881575,sejarahlokal,792,2023-05-31 02:11:35,2023-06-02 09:47:02
812,elpanjullo,blasteerst,793,2023-05-31 02:17:51,2023-06-02 09:47:02
813,virgol2049,sheilla_ang,794,2023-05-31 02:18:16,2023-06-02 09:47:02
814,dianaaurora96,blasteerst,795,2023-05-31 02:19:57,2023-06-02 09:47:02
815,tio_richardo,blasteerst,796,2023-05-31 02:35:49,2023-06-02 09:47:02
816,richardo_tio,blasteerst,797,2023-05-31 02:40:03,2023-06-02 09:47:02
817,tolakbigotnkri,blasteerst,798,2023-05-31 02:40:47,2023-06-02 09:47:02
818,bahamasjefry,triwul82,799,2023-05-31 02:41:12,2023-06-02 09:47:02
819,jarotiskariot,yradianto,800,2023-05-31 02:51:18,2023-06-02 09:47:02
820,pusfaster,pusfaster,801,2023-05-31 03:20:31,2023-06-02 09:47:02
821,mgayatri306,sheilla_ang,802,2023-05-31 03:30:04,2023-06-02 09:47:02
822,khosammy,pdi_perjuangan,803,2023-05-31 03:36:23,2023-06-02 09:47:02
823,alineadotid,alineadotid,804,2023-05-31 03:44:02,2023-06-02 09:47:02
824,radiosmartfm,cnnindonesia,805,2023-05-31 04:15:00,2023-06-02 09:47:02
825,alimudi84052003,detikcom,806,2023-05-31 04:15:46,2023-06-02 09:47:02
826,sandhey6,detikcom,807,2023-05-31 04:15:51,2023-06-02 09:47:02
827,husainzain25652,jokowi,808,2023-05-31 04:17:07,2023-06-02 09:47:02
828,husainzain25652,prabowo,808,2023-05-31 04:17:07,2023-06-02 09:47:02
829,husainzain25652,kiyai_marufamin,808,2023-05-31 04:17:07,2023-06-02 09:47:02
830,husainzain25652,husainzain25652,809,2023-05-31 04:18:19,2023-06-02 09:47:02
831,eknug,detikcom,810,2023-05-31 04:19:04,2023-06-02 09:47:02
832,msmyoibae,detikcom,811,2023-05-31 04:20:26,2023-06-02 09:47:02
833,punyadims,detikcom,812,2023-05-31 04:22:39,2023-06-02 09:47:02
834,abah_saka,yradianto,813,2023-05-31 04:38:56,2023-06-02 09:47:02
835,rananusantari,detikcom,814,2023-05-31 04:48:52,2023-06-02 09:47:02
836,peterloveyou,detikcom,815,2023-05-31 04:52:14,2023-06-02 09:47:02
837,adc14089,detikcom,816,2023-05-31 05:06:00,2023-06-02 09:47:02
838,chris_azura,detikcom,817,2023-05-31 05:13:49,2023-06-02 09:47:02
839,ghizch4,sheilla_ang,818,2023-05-31 05:15:28,2023-06-02 09:47:02
840,yanhendrik,detikcom,819,2023-05-31 05:22:00,2023-06-02 09:47:02
841,oktayudhi,detikcom,820,2023-05-31 05:45:39,2023-06-02 09:47:02
842,sukoco_prabowo,poldakaltim,821,2023-05-31 06:18:57,2023-06-02 09:47:02
843,suryaaa64,yradianto,822,2023-05-31 06:20:06,2023-06-02 09:47:02
844,faried58022486,sheilla_ang,823,2023-05-31 06:24:57,2023-06-02 09:47:02
845,nogososroasli,maximilan_wolf,824,2023-05-31 06:36:23,2023-06-02 09:47:02
846,selasa98,detikcom,825,2023-05-31 06:40:33,2023-06-02 09:47:02
847,fthrtwentyone,detikcom,826,2023-05-31 06:42:56,2023-06-02 09:47:02
848,wztya9,detikcom,827,2023-05-31 06:46:13,2023-06-02 09:47:02
849,damarholic,detikcom,828,2023-05-31 06:46:48,2023-06-02 09:47:02
850,buzzsbowie,yradianto,829,2023-05-31 06:47:20,2023-06-02 09:47:02
851,salwafhr30,detikcom,830,2023-05-31 06:50:38,2023-06-02 09:47:02
852,ockysaputraa,vivacoid,831,2023-05-31 06:52:25,2023-06-02 09:47:02
853,bapaente,gnfi,832,2023-05-31 06:59:47,2023-06-02 09:47:02
854,ygndini_feb,detikcom,833,2023-05-31 07:01:30,2023-06-02 09:47:02
855,azky_rk,detikcom,834,2023-05-31 07:01:53,2023-06-02 09:47:02
856,imamwahidd,detikcom,835,2023-05-31 07:04:19,2023-06-02 09:47:02
857,koeglodag,detikcom,836,2023-05-31 07:10:16,2023-06-02 09:47:02
858,sakuinformasi,jokowi,837,2023-05-31 07:19:01,2023-06-02 09:47:02
859,sakuinformasi,ikn_id,837,2023-05-31 07:19:01,2023-06-02 09:47:02
860,kurniawanricho,detikcom,838,2023-05-31 07:26:24,2023-06-02 09:47:02
861,skcngwur,detikcom,839,2023-05-31 07:29:58,2023-06-02 09:47:02
862,greenoto,detikcom,840,2023-05-31 07:45:01,2023-06-02 09:47:02
863,zaeni_aditya,detikcom,841,2023-05-31 07:54:04,2023-06-02 09:47:02
864,ifanmayo_,detikcom,842,2023-05-31 08:02:54,2023-06-02 09:47:02
865,retnosetyow4t,jokowi,843,2023-05-31 08:03:44,2023-06-02 09:47:02
866,luthfi78wahab,yradianto,844,2023-05-31 08:07:19,2023-06-02 09:47:02
867,mesofullove_,detikcom,845,2023-05-31 08:32:00,2023-06-02 09:47:02
868,yamjonkur,detikcom,846,2023-05-31 08:44:27,2023-06-02 09:47:02
869,langx_wiratama,detikcom,847,2023-05-31 08:44:52,2023-06-02 09:47:02
870,rahmans22161246,inilahdotcom,848,2023-05-31 08:51:26,2023-06-02 09:47:02
871,gigihpurno57425,pdi_perjuangan,849,2023-05-31 08:51:59,2023-06-02 09:47:02
872,girolyar,detikcom,850,2023-05-31 08:55:14,2023-06-02 09:47:02
873,teguh19699297,yradianto,851,2023-05-31 09:01:10,2023-06-02 09:47:02
874,aahmaadi_,detikcom,852,2023-05-31 09:16:49,2023-06-02 09:47:02
875,dimasoemardjono,detikcom,853,2023-05-31 09:20:31,2023-06-02 09:47:02
876,airazal,detikcom,854,2023-05-31 09:21:40,2023-06-02 09:47:02
877,bakorwil3malang,jatimpemprov,855,2023-05-31 09:28:16,2023-06-02 09:47:02
878,petroeq,detikcom,856,2023-05-31 09:30:59,2023-06-02 09:47:02
879,agnan1923,detikcom,857,2023-05-31 09:33:07,2023-06-02 09:47:02
880,idoymaridoy,detikcom,858,2023-05-31 09:36:12,2023-06-02 09:47:02
881,dpdpsikotabogor,psikotabekasi,859,2023-05-31 09:46:25,2023-06-02 09:47:02
882,mxrozaq,detikcom,860,2023-05-31 09:52:53,2023-06-02 09:47:02
883,anang_ssanto,detikcom,861,2023-05-31 10:03:40,2023-06-02 09:47:02
884,sammyfish13,detikcom,862,2023-05-31 10:11:09,2023-06-02 09:47:02
885,kominfojatim,jatimpemprov,863,2023-05-31 10:18:00,2023-06-02 09:47:02
886,vvchrstn,detikcom,864,2023-05-31 10:23:48,2023-06-02 09:47:02
887,gebmoon,detikcom,865,2023-05-31 10:28:42,2023-06-02 09:47:02
888,newsuriteladan,detikcom,866,2023-05-31 10:43:06,2023-06-02 09:47:02
889,osismkn_wanci,osismkn_wanci,867,2023-05-31 11:21:27,2023-06-02 09:47:02
890,streamingdino,detikcom,868,2023-05-31 11:30:43,2023-06-02 09:47:02
891,riofebrian02,detikcom,869,2023-05-31 11:33:44,2023-06-02 09:47:02
892,dadangadi8,detikcom,870,2023-05-31 11:41:45,2023-06-02 09:47:02
893,weiinnn,detikcom,871,2023-05-31 11:48:30,2023-06-02 09:47:02
894,putirwn,detikcom,872,2023-05-31 11:54:48,2023-06-02 09:47:02
895,raaraapo_,detikcom,873,2023-05-31 12:01:27,2023-06-02 09:47:02
896,ngilmukantilaku,inilahdotcom,874,2023-05-31 12:08:28,2023-06-02 09:47:02
897,riodamardjati,pdi_perjuangan,875,2023-05-31 12:30:59,2023-06-02 09:47:02
898,soobinjateng,detikcom,876,2023-05-31 13:02:56,2023-06-02 09:47:02
899,dvntnggrn,detikcom,877,2023-05-31 13:13:59,2023-06-02 09:47:02
900,juvejack,detikcom,878,2023-05-31 13:35:54,2023-06-02 09:47:02
901,pokemon_udara,detikcom,879,2023-05-31 13:46:25,2023-06-02 09:47:02
902,snowdropbae,detikcom,880,2023-05-31 15:15:37,2023-06-02 09:47:02
903,agusssshhhhh,detikcom,881,2023-05-31 15:35:53,2023-06-02 09:47:02
904,1rfantastic,detikcom,882,2023-05-31 15:54:57,2023-06-02 09:47:02
905,iantrucker,detikcom,883,2023-05-31 15:57:24,2023-06-02 09:47:02
906,doeztwae,yradianto,884,2023-05-31 15:59:04,2023-06-02 09:47:02
907,awindul,detikcom,885,2023-05-31 16:41:34,2023-06-02 09:47:02
908,ockysaputraa,detikcom,886,2023-05-31 17:47:30,2023-06-02 09:47:02
909,officialwawan,detikcom,887,2023-05-31 18:06:32,2023-06-02 09:47:02
910,putrosukarno,detikcom,888,2023-05-31 18:10:13,2023-06-02 09:47:02
911,talakuaelwen95,detikcom,889,2023-05-31 18:30:09,2023-06-02 09:47:02
912,tulip84882930,detikcom,890,2023-05-31 18:30:55,2023-06-02 09:47:02
913,mugiahdht,detikcom,891,2023-05-31 18:58:32,2023-06-02 09:47:02
914,mhaikalfadhil,detikcom,892,2023-05-31 19:00:38,2023-06-02 09:47:02
915,milanista2103,detikcom,893,2023-05-31 19:02:10,2023-06-02 09:47:02
916,lilikshandhie14,detikcom,894,2023-05-31 19:03:15,2023-06-02 09:47:02
917,kutang_hitam,detikcom,895,2023-05-31 20:02:29,2023-06-02 09:47:02
918,kacaspion__,pdi_perjuangan,896,2023-05-31 20:31:59,2023-06-02 09:47:02
919,dhu_dhuan,detikcom,897,2023-05-31 20:34:43,2023-06-02 09:47:02
920,yotifolk,detikcom,898,2023-05-31 20:36:18,2023-06-02 09:47:02
921,ngkongroses,satya7ogja3_,899,2023-05-31 20:42:31,2023-06-02 09:47:02
922,barca_joss,detikcom,900,2023-05-31 20:48:37,2023-06-02 09:47:02
923,kopimovie,detikcom,901,2023-05-31 21:14:05,2023-06-02 09:47:02
924,jeongshafa,detikcom,902,2023-05-31 21:25:49,2023-06-02 09:47:02
925,itsaufarfajar,detikcom,903,2023-05-31 21:30:42,2023-06-02 09:47:02
926,danielandrians,detikcom,904,2023-05-31 21:34:12,2023-06-02 09:47:02
927,akomeng6,_garu_da,905,2023-05-31 21:35:18,2023-06-02 09:47:02
928,baru354,detikcom,906,2023-05-31 21:43:36,2023-06-02 09:47:02
929,ziyadu_r,detikcom,907,2023-05-31 21:52:15,2023-06-02 09:47:02
930,4rdn4n,detikcom,908,2023-05-31 21:53:38,2023-06-02 09:47:02
931,mimi_chimmy,jokowi,909,2023-05-31 22:18:27,2023-06-02 09:47:02
932,m1iikii,_garu_da,910,2023-05-31 22:20:26,2023-06-02 09:47:02
933,rasyamahardika7,_garu_da,911,2023-05-31 22:37:35,2023-06-02 09:47:02
934,indones1akeren_,_garu_da,912,2023-05-31 22:41:02,2023-06-02 09:47:02
935,brudak_ultramen,_garu_da,913,2023-05-31 22:42:14,2023-06-02 09:47:02
936,inibarudak_well,_garu_da,914,2023-05-31 22:45:29,2023-06-02 09:47:02
937,itabmth,detikcom,915,2023-05-31 22:46:41,2023-06-02 09:47:02
938,zheyenk26,_garu_da,916,2023-05-31 22:55:38,2023-06-02 09:47:02
939,thoyiblupaplng,_garu_da,917,2023-05-31 23:13:48,2023-06-02 09:47:02
940,elichika2525,detikcom,918,2023-05-31 23:15:37,2023-06-02 09:47:02
941,laraswa2529,_garu_da,919,2023-05-31 23:16:07,2023-06-02 09:47:02
942,ydknrf,detikcom,920,2023-05-31 23:32:37,2023-06-02 09:47:02
943,adoorabie,detikcom,921,2023-05-31 23:36:56,2023-06-02 09:47:02
944,panggilsajapida,detikcom,922,2023-05-31 23:37:03,2023-06-02 09:47:02
945,anggita_lung,_garu_da,923,2023-05-31 23:39:59,2023-06-02 09:47:02
946,achmadbandi,detikcom,924,2023-05-31 23:43:11,2023-06-02 09:47:02
947,asmaraidaleni,detikcom,925,2023-05-31 23:50:22,2023-06-02 09:47:02
948,clynophilert,detikcom,926,2023-05-31 23:57:41,2023-06-02 09:47:02
949,iromismet,inilahdotcom,927,2023-06-01 00:23:37,2023-06-02 09:47:02
950,m_kael,detikcom,928,2023-06-01 00:26:14,2023-06-02 09:47:02
951,msnrng,detikcom,929,2023-06-01 01:03:51,2023-06-02 09:47:02
952,alshaibashihab,_garu_da,930,2023-06-01 01:11:02,2023-06-02 09:47:02
953,rizwandhaimawa1,detikcom,931,2023-06-01 01:16:43,2023-06-02 09:47:02
954,erisadgita,detikcom,932,2023-06-01 01:22:47,2023-06-02 09:47:02
955,itswildanwill,detikcom,933,2023-06-01 01:28:08,2023-06-02 09:47:02
956,flourentt_cris,detikcom,934,2023-06-01 01:29:04,2023-06-02 09:47:02
957,bank_aconk,_garu_da,935,2023-06-01 01:40:58,2023-06-02 09:47:02
958,entah3383,detikcom,936,2023-06-01 02:17:59,2023-06-02 09:47:02
959,nell20000,detikcom,937,2023-06-01 02:32:36,2023-06-02 09:47:02
960,witaresw,detikcom,938,2023-06-01 02:45:49,2023-06-02 09:47:02
961,susaaahtidur,detikcom,939,2023-06-01 02:47:53,2023-06-02 09:47:02
962,novita_kaunang,detikcom,940,2023-06-01 02:49:51,2023-06-02 09:47:02
963,catatankaqihati,_garu_da,941,2023-06-01 02:51:20,2023-06-02 09:47:02
964,komatkamiit,_garu_da,942,2023-06-01 02:54:41,2023-06-02 09:47:02
965,reskisural,detikcom,943,2023-06-01 02:55:49,2023-06-02 09:47:02
966,vitabangun,detikcom,944,2023-06-01 03:02:33,2023-06-02 09:47:02
967,marcellrudee,detikcom,945,2023-06-01 03:19:07,2023-06-02 09:47:02
968,tsupersubs,detikcom,946,2023-06-01 03:22:37,2023-06-02 09:47:02
969,novanpramadi12,detikcom,947,2023-06-01 03:39:07,2023-06-02 09:47:02
970,limlim672,detikcom,948,2023-06-01 03:46:25,2023-06-02 09:47:02
971,artregular,detikcom,949,2023-06-01 03:47:22,2023-06-02 09:47:02
972,akbar_gremory,detikcom,950,2023-06-01 04:02:14,2023-06-02 09:47:02
973,officialkjti,detikcom,951,2023-06-01 04:32:16,2023-06-02 09:47:02
974,marhaen777,tvonenews,952,2023-06-01 04:56:53,2023-06-02 09:47:02
975,imanurak_269,detikcom,953,2023-06-01 05:04:11,2023-06-02 09:47:02
976,uusbustami,metro_tv,954,2023-06-01 05:48:01,2023-06-02 09:47:02
977,rahma59429213,metro_tv,955,2023-06-01 05:48:45,2023-06-02 09:47:02
978,rayhan_yuda_pra,metro_tv,956,2023-06-01 05:50:00,2023-06-02 09:47:02
979,kancilcungkring,detikcom,957,2023-06-01 05:50:05,2023-06-02 09:47:02
980,msalmanhdr,detikcom,958,2023-06-01 06:32:45,2023-06-02 09:47:02
981,anorexicats,detikcom,959,2023-06-01 06:37:22,2023-06-02 09:47:02
982,himechwaan,detikcom,960,2023-06-01 06:40:43,2023-06-02 09:47:02
983,kak_veronika,detikcom,961,2023-06-01 06:58:49,2023-06-02 09:47:02
984,rose_ifntday6,detikcom,962,2023-06-01 07:11:46,2023-06-02 09:47:02
985,naeni_romayati,detikcom,963,2023-06-01 07:58:49,2023-06-02 09:47:02
986,zerahyaa,detikcom,964,2023-06-01 08:04:23,2023-06-02 09:47:02
987,daffastyaa,detikcom,965,2023-06-01 08:05:05,2023-06-02 09:47:02
988,arsikamadja,jokowi,966,2023-06-01 08:24:35,2023-06-02 09:47:02
989,kokoaja4,detikcom,967,2023-06-01 08:41:07,2023-06-02 09:47:02
990,retywie,detikcom,968,2023-06-01 09:02:37,2023-06-02 09:47:02
991,astagakenapalu,detikcom,969,2023-06-01 09:14:19,2023-06-02 09:47:02
992,kristybambooart,detikcom,970,2023-06-01 09:35:10,2023-06-02 09:47:02
993,ikn_id,ikn_id,971,2023-06-01 10:18:05,2023-06-02 09:47:02
994,andreallian,detikcom,972,2023-06-01 10:23:07,2023-06-02 09:47:02
995,rismayatimaya,projectm_org,973,2023-06-01 11:40:59,2023-06-02 09:47:02
996,brendyv,kotanusantara,974,2023-06-01 11:46:25,2023-06-02 09:47:02
997,kadekchandra,cahango45022699,975,2023-06-01 12:51:24,2023-06-02 09:47:02
998,abingsanca,cahango45022699,976,2023-06-01 13:32:07,2023-06-02 09:47:02
999,pemudaharapannn,detikcom,977,2023-06-01 15:09:32,2023-06-02 09:47:02
1000,ysbcht_,detikcom,978,2023-06-01 17:15:30,2023-06-02 09:47:02
1001,ojayo_halim,cahango45022699,979,2023-06-01 17:17:21,2023-06-02 09:47:02
1002,yayanhariyant15,tvonenews,980,2023-06-01 18:55:00,2023-06-02 09:47:02
1003,ichigo97538820,detikcom,981,2023-06-01 18:55:48,2023-06-02 09:47:02
1004,yodmaryodi,tvonenews,982,2023-06-01 20:59:37,2023-06-02 09:47:02
1005,areeff,tvonenews,983,2023-06-01 22:27:14,2023-06-02 09:47:02
1006,xoneebenaja,detikcom,984,2023-06-01 22:39:39,2023-06-02 09:47:02
1007,ndrys_,detikcom,985,2023-06-01 23:10:18,2023-06-02 09:47:02
1008,riandi_12,detikcom,986,2023-06-02 00:28:51,2023-06-02 09:47:02
1009,cukupsatukata_,rismayatimaya,987,2023-06-02 02:07:14,2023-06-02 09:47:02
1010,estersagala4,detikcom,988,2023-06-02 02:38:24,2023-06-02 09:47:02
1011,gerbangnkri,jokowi,989,2023-06-02 05:13:34,2023-06-02 09:47:02
1012,infoindonesiaaa,detikcom,990,2023-06-02 05:59:41,2023-06-02 09:47:02
1013,jbandara23,tvonenews,991,2023-06-02 06:43:46,2023-06-02 09:47:02
1014,jinjit_jinjit,gerbangnkri,992,2023-06-02 06:45:41,2023-06-02 09:47:02
1015,retnoeddy,yradianto,993,2023-06-02 09:16:33,2023-06-02 09:47:02
1016,ham1875240103,poldakaltim,994,2023-06-02 09:47:02,2023-06-02 09:47:02
